first_name,last_name,email,salt,password_hash,join_date
Angela,Turner,approachview681@aol.com,=CU#G<W+,eaa02b68bdac133b8432de81c02bbaeb92ec94407cc0de7ab7f05f53a2d089ed,2022-09-13 10:37:18.701022
Kathy,White,kathyw@hotmail.com,b;Fjhgh),656544fed999173370beabb5cce41f919f767459c6d2c581f3f365587cda372a,2022-05-16 10:28:19.007074
Heidi,Levine,heidi.levine@yahoo.com,N1xLmYa8,479e488f3e7ff6cfe417a73029e53518139bdfe8ef39bd6a52a78743035b2718,2020-12-11 19:13:23.374212
Samantha,Becker,reasongeneration3@aol.com,iY-v(wx),bba3824464c15417343fd389991cf168da33f6a64d0a379895f5d849c3b49c99,2020-10-15 05:50:35.629382
Samantha,Lewis,samantha_lewis@gmail.com,3u7FOa7#,f2cf69a5e4edf200a2270b3a67179782c911f52c688a5af843d9cd0765dcd061,2023-08-05 15:55:28.063146
Stephen,Nguyen,stephenn493@outlook.com,U=wp@JzG,d0de7a5cf95347a1afb615dca615de3391b6ca57ebdcc6ca7e1d25508645b761,2021-10-10 08:39:09.704566
Madeline,Jackson,madeline_jackson@yahoo.com,l)uf[{^l,34acfbe1857443b311dd390734883048ba3f510fe24db6d4e1ea5c2aaabe8420,2020-12-14 23:21:30.067754
Andrew,Silva,asilva@gmail.com,rHS5E;zA,140d290ac320549a4b00fd108f27877b0559ebff7c0364b5e41ba10d7a942570,2022-12-13 23:11:28.299815
Brian,Smith,smith.brian@aol.com,@QG=$bGe,7613c7f03a73e5cf1c46c22f5a20a020757296c0e7da7d17d78b1a4cc3ba23ee,2022-09-09 19:27:31.250041
Robert,Miller,rmiller940@hotmail.com,d1:#P|pm,8a38b32c5c9e50f6e67646696b1bad136de14ed48efcba769e2ff525de557c0e,2022-08-19 11:24:31.509666
Teresa,Perry,teresaperry@gmail.com,jCv.^>>8,41d296f40bbe420b3a8cd543660fbdcb5938e473c9d09c6292fee5c4e5af2b04,2022-08-28 02:10:20.225618
Keith,Washington,keith_washington@gmail.com,^#fa}f8k,b327cdba5cd941660ae23194cd9695e6a0f2fc623b39503be47d16d5fdd9f766,2022-07-12 10:23:19.734664
James,Woodard,jwoodard691@aol.com,r->t_LNp,52fc35b78f14002ed301480d3693d241ea674d6f3ad65559b58641f3fbb884c8,2022-05-05 07:56:57.930053
Austin,Scott,austin.scott@hotmail.com,gPLSe*_H,72f6cd18ebe372fea248eb55cced6d9af716d193d1ad6006f855525103c657a8,2023-04-21 15:40:56.270715
Taylor,Thompson,tthompson@yahoo.com,8L8fiU*Y,9a799b4163dd99dfed076a27b257030cb4d5dab2a5f24aba6e2df208a4f50bdd,2021-03-13 02:15:11.520320
Caitlin,Macdonald,caitlindiscuss111@yahoo.com,;?[y62$5,febbf37373044501d0c0dba439adcc19c3a8e2206b94fca148403f4adf3ec135,2021-03-31 10:49:35.859120
Tony,Whitehead,tonywhitehead@yahoo.com,qq=9#tA^,fbf58ee1f4c470e52a561cf31561d330c1a7d686c90668be5a4cc025b6fad139,2021-09-01 00:55:15.014575
Michael,Cooke,mcooke4@outlook.com,2nuDm).b,f8a4d801a8a21925c73d0836316e7b2836c68f5a3db39bf56c6dd088dc814fc9,2023-11-14 15:37:47.909145
Shannon,Long,shannonl3@aol.com,X0+F$UUc,689ad96e214e04fbe301e1b310c3889d53bd1bd3e08761197ea69c097f083890,2022-05-06 06:57:42.113910
Tammy,Greene,tammy.greene@outlook.com,Hi4bYCea,f7513f9909a5ffd1f5db01c2bacd2d7cb89eb8a13722e4327a082140b297a943,2020-01-21 17:29:57.857569
Jonathan,Jones,jjones@aol.com,OldmtjUc,6fce5f43c13e64ca82bac4f612f57c5512791f281aa413f9429f6d5afd9a022a,2022-10-01 14:12:53.010736
Alexis,Carter,acarter41@yahoo.com,4=_{:SRW,10ace5da1eae7c2416f37a74e85efcd6d2099c6a40a7a2290a9ef40bffe81b7c,2020-10-23 12:39:56.171811
Courtney,Parks,courtneyparks@gmail.com,NyqJuMvy,804a72d04c4da161842ce0a8d748eb49a3d58cbd5c06f830ef7e9ed669f763f3,2023-05-21 21:47:05.078023
Pamela,Washington,pamelanorth444@outlook.com,TKygcUV5,b10cc353d9bcb7bc57609e5b5a9b98335806510f0beb3f62f4cf557bde6e8953,2023-12-04 22:14:50.472170
Lance,Murray,lancem53@yahoo.com,Q[*Y<WTZ,d27e6d3fdb1d47a7d500e8db45bf57bf01b0804931344aab9e1177b8efc10aeb,2020-12-29 14:12:56.153065
Patricia,Gonzales,patricia_gonzales@hotmail.com,Qqgl#hov,73d429616b2c620c85a6da49f132ab5e0d3174f8e447c947473671eb7bb643ba,2022-11-11 22:55:29.694618
Christopher,Green,christopher_green@aol.com,_EhI^q2C,6c652d15c1e292559b42960457038a89b438e1ec941a7c00b8399c94edbdb4b6,2020-06-09 14:09:34.735620
Jeff,Baker,jeffbaker@hotmail.com,?z(Sb1u},f58535ca3fbae40e935b26d608e3f730ff6cfcd33cb34c9a4b2bc9e0e52ba079,2021-11-30 15:30:37.535172
Nancy,Woodward,nwoodward@aol.com,[x#WBPc>,83c76e89cdf70f276ff100387485dcfb7715514c095498103451fd260bf78867,2022-11-28 17:24:57.704983
Ronald,Gibson,bothevening4@gmail.com,Jfq;{4r?,5f9ac4108e345c01008d0952fb55d36db18a1320270f88ee013388a285d77359,2024-02-22 06:08:40.156725
Michael,Campbell,headpaper496@hotmail.com,mD!3Fy{Y,db058432c669092c0bc8166e77b2e9cad9b1a8c679fc4a4cba0d0a1bfc01b228,2021-01-08 00:40:36.712052
Lisa,Sullivan,lsullivan417@outlook.com,st>7|c)T,72ffa8870c6e9afd7adb8fb8b0768e6d1369e64dd47b7aafbafa5b66510015bc,2022-11-23 23:46:53.976540
Teresa,Lee,tlee@gmail.com,;-FMAFVs,b16b61219bd09177974d4bb3b51089b9f9cc5648673d92147ebf4e93072d1e62,2022-04-15 01:38:35.470883
Lance,Vasquez,vasquez.lance@yahoo.com,PI1%}cKb,28964a4a30061d4c84ab0ca96fe7a0a4320348843905bdd246c9bd9743ff040a,2023-03-11 13:39:19.280439
Jeremy,Preston,jpres@gmail.com,#$;5Qm[#,7637a081303dd6aa77920999edcee8b168d7295585daeab018276419ee93aa07,2021-02-04 21:19:52.611095
Cheyenne,Roberts,roberts.cheyenne@aol.com,L%3G^as(,2af2418bcfe4ac411630dca7ecaa1ae509247faa9ce235a20d100cac5ac2fb48,2021-04-22 03:25:14.094135
Alyssa,Murphy,amurphy@outlook.com,zZe1Uf71,d4c8c17f08e34b62c63a9de0b14e0e231e32bd0bf02d88b049831dd73716036d,2021-05-28 17:34:59.171934
Carlos,Sullivan,carloss2@gmail.com,HZKU=7|(,d7e18a9f329e5a620f2c4972af932166cd34eb1dd166254851866c506630dac8,2020-01-25 06:39:43.239209
Derek,Acosta,dacos@aol.com,:r2m#sVJ,1cd91a96e4eade2880f33bf19e4aa2e8f9f50fc160e9c9471a800f78149769c0,2024-03-16 11:34:39.878164
Alexis,Jones,alexis.jones@hotmail.com,nor};2FB,cfa6b98011dd00dba2ac98fef7c806716f9409eb3d03b080592bbb92b06017c6,2023-11-01 07:44:08.196594
Erin,Snyder,esnyder@hotmail.com,OB794hEe,ac899f2b87380896aefb6b049b04f2eaecf51490c303f1dcf50f44366f79b5d2,2021-08-26 17:20:33.941597
Jesus,Burke,jesusb@outlook.com,FfixO#QP,bf15d7d66012241608311dc80dca0e10a23367548cd6da2765820ee18d89535b,2020-07-01 22:27:59.995571
Jessica,Allen,jessicadescribe9@gmail.com,P$@T+EAG,ee6503cfb5fd9feee6b9bb7b6151577a4a1fb1cc42d2eb4a80fbc1ac1b5bae64,2023-12-28 17:30:13.848611
Kimberly,Hill,kimberlyit92@gmail.com,VCFS:Y5>,50a11e6f0b7da69e7ca779cbe49e8a2f7c86ca8413e99ad38ef3d87c7e331fcf,2020-12-12 19:40:23.143101
Amy,Conley,aconley@yahoo.com,Yw=BPY=3,d5b6e192202d6a45229f961d9dfee27785a1097701e97559fe267cd68faecd4e,2021-03-08 13:38:12.252371
Barbara,Greer,bgreer@outlook.com,IwB_{r+t,6053ffba59534a0325a31ab245812d5ac708197628ea2afc032243c65383ce6a,2020-08-04 05:25:19.980426
Joshua,Matthews,joshua.matthews@gmail.com,M1*RNq.-,ebcd60567c6a4610603518bf7de64df049a57c8834079f7c1b44c50d09d21839,2021-08-01 01:18:55.691067
Emily,Wallace,ewallace@outlook.com,RDCWTC_F,253e10ba89aea0ecce38e3319c3b4a1d09a15ca131e1392fa06d2bd74ff317dc,2023-03-25 15:26:15.539133
Joseph,Ball,jball@aol.com,PL;Q?]#O,27738c4826d60c6f7b293b9e8963b4327760196856f9a6b255d340c8788a6cf0,2023-02-22 14:30:57.202440
Christine,Stokes,christine.stokes@hotmail.com,%^hK#=5[,aeae4bca40eb220f7788bef56a60b75197d34796e927abe5d7d8bd62e87b38d9,2022-08-01 05:31:43.285634
James,Ryan,ryan.james@outlook.com,J}K6ErJ+,6618405e10f9197d981471c4f5413b720e7aadd003a9aa2bb6f222e821477b4d,2022-01-10 19:03:44.514424
Meghan,Owen,mowenmain@outlook.com,5}[l;SnA,48aee4f5084a837cd1f7a4ad3845e072c8c0278d36211b723f7ffc4386dd579e,2022-10-03 21:15:32.583147
Dean,Cowan,dean_cowan@yahoo.com,gM{yr3bl,3855f698f72b09bfc2152b6533b92bd51bfc83bcf3e0b7478ddd6c8d001edb76,2023-10-28 12:15:01.788387
Stephen,Hall,shall@aol.com,4o:kRI8a,f15b1498deddda20dadf3f33900cb123d940f2aa2235628f77b0ba08a41dfd03,2021-01-28 10:32:31.518237
Scott,Rogers,scottrogers@aol.com,Jjj+v}y;,27889af29558c6242ba67045cde1f1fb2435274efe44a74aed0d933c801a1f9d,2021-08-15 15:12:07.843221
Lori,Parsons,lparsons@aol.com,wkBi?(HN,7a45270e8298618a27b955285e7ac195b95ed3aa6b2caf8eccf710200116ecb7,2023-02-08 10:31:44.116635
Beth,Hampton,hampton.beth@hotmail.com,Tg[}O&uM,70d031a0304b5dea4edae9b4dae1f173193d28fde0c3cd368daf3e726d10706e,2021-05-29 20:44:14.751897
Carolyn,Rose,carolyn_rose@aol.com,1Is:4n!Z,4f1426938b883118882963a025e3fa1dc2ce3851a771348de12a1b161a892e62,2020-09-18 11:11:04.179435
Tyler,Smith,tylers@hotmail.com,_;>4N;P9,a26a24c34434401245ad4d89f338c48f486bf706ab9e722267af6a0286d2b9b6,2023-03-26 04:50:03.602117
Breanna,Weaver,breanna_weaver@yahoo.com,HfoI?Rne,5e8540790e0f0d4876b355e982d65f2ecb17196b97207fa38d81a1484587cfa6,2020-08-23 11:33:08.336467
Rachel,Rodriguez,rachelrodriguez@outlook.com,PzAN#<ib,c297576344c870354e0e9b4cc838767657cf045a997e568db097d27f627bb801,2022-03-23 21:36:41.119469
Alejandro,Phillips,alejandro_phillips@aol.com,@Cw+b$:J,27e4aa13a6dbf125c222752716d83dffb8c5fef2196f92a559bd55d0e5a1ab39,2020-02-02 03:12:15.697881
Angelica,Wilson,angelica.wilson@hotmail.com,<dqaNpC!,4a680193687ff38067a49a1763610c37f1bcfa00702e89d791298ca423898b29,2020-10-06 23:32:52.758129
Ryan,Fisher,rfisher@outlook.com,b8Kd[TK&,426c784f4b1cc5fb0f55630955919fbb9a50ba86f42810e605103bc5dae7f841,2021-07-08 23:51:08.521479
Mary,Brown,babyfund66@hotmail.com,VVuGnbqO,23fa5ef06ee472640333447728aab4561b39a21b3a31d379da7821440845fd49,2023-01-10 03:22:19.876743
Kristopher,Jones,stocksuccess@yahoo.com,%=>%SZy],0235772d273a8a8041609f70a2f39f0abe6cd862f700f66f65aba21501b9eaef,2021-11-23 05:24:15.012787
Rachel,Anderson,rachelsuddenly@outlook.com,_s>)7f[G,f663136c253680ff210bb2c65483ea4c43141ce4ad6f9301be93e793371f65c5,2022-01-22 15:49:23.493176
Christopher,Garcia,cgarcia9@yahoo.com,-zS>gE#N,e849c64f5112f17567ce3b7ea91260110cf48989c5a219a4d323de89bb86fd5d,2022-04-18 08:00:26.165727
Melinda,Jones,mjones@hotmail.com,.%*Z{[uY,bf23b20b62adf6db9477139020c0917f80e513c69da2f74a418f79e29137b8d1,2023-08-15 05:43:36.541153
Jaime,Smith,windend799@outlook.com,P:%JdXVr,e3145c32e7252141a19bc226b111c7a819def707ced9cb7af0a674c380d9b51c,2024-01-15 14:01:48.879945
Jeffrey,Buchanan,jbucha@outlook.com,Q0w(^2F>,864207e2e555e8f8711e7a0b1b73352b66cb7873264c137a85bce2e9c2174a67,2022-11-30 04:25:12.488793
Robert,Torres,robertt8@aol.com,fP{Wa<F!,63eada72448b72708e4da4e133a7125a8cd05cf5b23c2c978c3e3fb987537c9e,2021-10-19 03:49:21.158866
Rebecca,Kaiser,rebeccatwo9@aol.com,nd:iyRD&,8082e02ab48eaa394a8643408276ec840d38721476bf3ff062a2ff5c073bbd7e,2020-03-18 21:16:07.101093
Joseph,Foster,agebelieve9@yahoo.com,Lb0cNJ=>,91af56dc6a53e4411c4f6c1d37eadc249fa3f73ec4a1cf3de104e23e0693cdd2,2021-12-13 19:30:49.773081
Catherine,Harrison,charrison47@hotmail.com,3=KXY%@p,6c4878e7719cd72683bbe56e89e40c273448c43e271659b47eb6eac3a2491655,2023-01-12 14:11:44.097560
Michael,Evans,michaelstation2@yahoo.com,VFPH2K4=,645dede72f3ae46d6a8dc382d38de5a279a62058184791081feb819b9e8a3e4b,2023-07-07 14:01:46.029789
Amy,Skinner,askinner@outlook.com,4*m^^vRg,eccf975d53b6661e0f96979babfdabd60988d4d98694c0c57672508710392c23,2023-02-27 10:44:24.976034
William,Lopez,williaml@outlook.com,BBy*tn!1,d603e3f1a9067ee7b8426ea31652869b1092f4555ff73003ad0f73c83c6808bb,2022-06-10 16:46:51.692702
Brad,Payne,bpayne@outlook.com,?ux$h(E&,be39369b41731016669de8d818f339074c33ab342ae2f7946a1819bef6c367e0,2022-08-11 23:27:12.095689
Erika,Evans,evans.erika@outlook.com,SOwV>xh:,771539937fd8adf75a1ee45c3ff685109396f8686a7709b55afc879f9592f46e,2020-12-25 02:42:42.974899
Christopher,Bullock,radioexperience556@hotmail.com,le45NsOQ,b32b3f68fda355bd034b1df1104ac147bae8898a315c9a512fa878ebdd3c5dd9,2023-01-15 08:08:28.497015
Aaron,Williamson,awilliamson@outlook.com,I$*X%d+f,bebe57b50741c20ca49fb3356ab2e58d8ae36a11cf19142460e93029d0185f5d,2020-06-12 16:01:16.677258
Sarah,Wallace,sarahhimself397@aol.com,TCKJ^b}p,e4e57354d5027107b4de96b437067c919bbd09c0ca5d9ba66ddc9ff3bc8e5d4f,2022-10-30 18:24:24.134835
Lisa,Levine,llevine@outlook.com,)VDxvjN4,8a440a147892c466262302fadee771a66ca586b504be45d18370f7fcabca2490,2022-05-23 02:19:25.747018
Joshua,Sexton,jsexton347@gmail.com,Dp@r{:_X,035c4430d2e2fd61317789665f2e4b6ca8e67203f4274715364a92dea4514b65,2022-10-25 04:54:44.083765
James,Jacobs,jamesj@gmail.com,pd0Ya%b7,d80f21044148f432d1f3cf6d19aa378f0e6bfe480b97946acc269a93d59e0092,2020-01-30 03:33:23.844643
John,Herrera,john.herrera@yahoo.com,#@DV*X_2,422973f23fca93c70a16d0ffe2847f2cf6ea5a300eaebda619216c2b9a9c3d4d,2022-05-01 06:28:10.591705
Shannon,Jackson,sjackson4@gmail.com,#(GfIIam,b6e52c19ac4b0c90d769e26e8e1dfcfda328222ca90238f11c14b2d8f0bc5a20,2021-07-17 10:40:47.128391
Brenda,Rivera,brendarivera@aol.com,[cPIyRG7,664bd93fbacbdec82a955aff73b8e974deda8395afc0ff0535face764feb2b63,2023-10-15 05:56:01.298697
Stephanie,Valentine,svalentinewide@yahoo.com,Y{D8{aM>,760549bf1edfd4314b6fd27572c24b6319504bef3b9fdb415c1170e077e155ed,2021-03-11 15:56:11.237764
Ryan,Wood,ryan.wood@yahoo.com,(8@OnmHU,180ddcc3b84a0d467a4ee1e861333ace43c4793f0961c92551df113feb460354,2023-12-01 13:26:58.727286
David,Howe,david_howe@yahoo.com,MT7E:hxL,7d7222993d0fddc6a2ccaa667bd995559cb46ba2faeca11f7d9832b90aa18ca4,2022-11-27 06:21:46.862592
Timothy,Thornton,timothyt31@gmail.com,oIWl4;#L,35063a1e48f9f050196358652ef5495f5808bdf2dc08ae5624aaf04c0757b7be,2023-08-31 22:33:54.822694
Nathan,Roberts,nathan.roberts@outlook.com,J9vz;nrL,9dbd144aa591ec61759d4ea920587ce574b581a74d3e8af08683a35c5d9f8a9b,2021-02-04 01:27:57.800631
Ronald,Cardenas,ronaldc5@aol.com,c#pBrnw1,0ea08eb6196041516a03d0c0df80f0df0e79325de692d9606a97295995fcb7e7,2021-01-28 23:17:47.361598
Joseph,Wiggins,abeat@hotmail.com,w3$vJXR_,4f7a03e5be38f418a500619a95bfca2d1505b381ef06b3704f28cb3fa3854b66,2023-12-10 08:46:31.406617
Sandra,Ross,sross4@yahoo.com,NZpI@{nt,5fa53d54ceff7a805b86f7f9cc4bb7850f947f9e4667c97dfec2a68ab9a7bbea,2022-03-03 06:10:56.499466
Joshua,Hall,joshuahall@aol.com,f8NsPX}y,72bebe7172e188ab76be0a4ff2f9b83aa1200f379148934bedd9d0c96a6729be,2021-03-17 19:07:46.243158
Sandra,Brooks,sandrabrooks@aol.com,4>;H?]JS,20357762e745c73afcf405f788bf4c162dce1592e4f773e905aabe4652c6b5ba,2023-02-09 04:50:57.451173
Mark,Hood,marksystem50@outlook.com,0?as-[}L,9520c0a5e8e118f4eec91d3cf84fe30efeb4aad8e2ebe168c5e41dc21658e8c4,2020-03-24 11:22:07.672217
Curtis,Bowen,cbowennot@aol.com,VEe4H@0W,20eecfb4c56bed4dee9da8bd0fdede35fd1ab3473f0a7748a938c8043df5a887,2021-10-25 10:26:48.316033
Christine,Brown,christinebrown@gmail.com,mkFmppVM,6840cac33f63fb8067ad17d1be44d1b374b034121908a302ae62eaf294e527c1,2020-01-18 14:39:42.723740
Jennifer,Berger,jberger@outlook.com,#W*L.OB@,439ad735aa047fb707cd661031c4ea12bfb223a39111fd6c9a031980a936dfcc,2020-05-23 08:26:13.832240
James,Mcintyre,perhapsbrother1@gmail.com,V^i.8Zw@,56a16856fb75ee50d9dc43942ece013222f4ef982818a103175b06c5d97ae260,2023-03-11 22:11:11.346842
Christopher,Ford,christopher.ford@aol.com,Q|}H;:Fd,8a7272559d212bc23dd1db92024203003fec27bea0f5eb287537c832cc7abe9e,2020-04-30 03:59:57.916261
Jason,Miller,jasonmi@aol.com,oTxbp[k2,3284f5298df78d5de1d81ab071479c936ef8e3e36666e64b627947f1faf546ab,2022-08-18 12:27:02.928220
Brianna,Gonzalez,bgonzalez@outlook.com,L&YWOaie,89ae84ee97363f34df048734377075dfad824117d913d5335f732b65ee94d5ac,2020-01-01 14:29:43.526807
Amy,Harris,dealabove5@yahoo.com,2Ai7Ti?J,43982c3287493e5ce777cfcef21401304e239970569bdc7e05bd86fbca60cb81,2021-09-23 15:14:11.937153
Christine,Williamson,christine_williamson@gmail.com,M#2%@$H3,2bd766cb63f85fb4b345da8dad1d76d80c2de7e7391da13a21af939cb0db1766,2020-03-31 19:43:00.038982
Erin,Boyd,eboyd6@aol.com,W]ynvJS!,2eab0eacc3ac62ab9dcccbb487fd75f6999782a072a2cc044fd8845570d30175,2022-08-11 09:28:03.647779
Stacey,Quinn,squinn1@hotmail.com,a}zlgDv^,bbe660ebee5ca3a6ef4573058a1d7ea68241e98e77aef35d3be5499c80f46686,2020-01-02 21:02:22.052190
Shannon,Beck,middlepopulation6@hotmail.com,Dj<:].ct,8bdb94e43593acfaffeb80f8f1c8e9ac9ec09bd390962f178566e76f1db57c00,2021-06-15 04:51:48.093685
Linda,Thompson,lindat3@outlook.com,}T*1WxE=,ed2a75b0860c27da7b5b9dacb55a49b5300d84d2b25c3e2a61bae75028a2b80d,2022-07-24 21:27:43.249664
Laura,Merritt,publiccut12@yahoo.com,iFz@wY>m,cd2957efd5bf30ba9d15003a73366757e4331a31e6f5eccb9eb2016425d68661,2022-10-11 04:01:17.249664
Heidi,Phillips,hphillipsmost@outlook.com,S;[6kzbm,ca79c083c21a02115b6961f587e19cda66c25c52eb1d1d9f1a77f15c2eff63cc,2020-03-08 04:30:17.249664
Elizabeth,Nelson,enelsonof@hotmail.com,}MdomK7F,1f5eaacbf56dc95d195103747e829ff613bcf720142ceee792b70050f8ed8e73,2021-12-31 07:17:06.376498
Kristen,Estrada,kristene629@yahoo.com,HynZ|B@<,292d428a582a447cab5fd9a4599761f33d830014a763d6f45176582681a5e46e,2020-12-28 14:49:21.228395
Sean,Davis,sean.davis@yahoo.com,<U27*g4+,8c429085c3c5ea649770f1170f1e0b6629ca9d7fcbf2b2ed44e6191a55699f70,2021-11-19 12:35:35.878146
Melinda,Briggs,mbriggs46@aol.com,p9kGm?H},fb607722a687707f8bc5c0e4c371ecd612986bddd333578fa7b8397a195b45e1,2021-07-16 11:32:36.165156
Breanna,Robinson,breanna.robinson@yahoo.com,Wc-B#nAL,fab383f203b2e1d50475900d05852e50ce40f42b837d50dd4da006ee317159e9,2022-07-29 20:06:12.267524
Charles,Gutierrez,cgutierrez@hotmail.com,bht)r.EM,f4f4976365447430f2dfa7cd8a5905ea179986975c1aeb04452805f8e32c90a3,2021-04-26 22:45:03.537421
Andrea,West,reportexample553@hotmail.com,T47Y*f8y,77637fe827e9627022a5e36f8e93743d156fb4124e1ec1c4683b69ff62f669c9,2023-04-06 18:35:22.568663
Desiree,Anderson,desireescientist@hotmail.com,z0.6Q7SW,645fb12932ab75fd940bdbea761f4b77d6d23ea8dd31d213016467c1af0f91ed,2022-03-07 12:11:28.036408
Kenneth,Warren,kenne@aol.com,hzfY1_F:,c51a5b97d0702c150a157287542ff9be46575031a26dc4f4039715debac18615,2021-09-23 12:29:32.160797
Linda,Bullock,lbullock@gmail.com,5jWHeyPQ,608053100d9b1e2dc95c694356e6d1b35ec10e6e2dae08868e4f9ca0a8463358,2021-10-15 13:25:34.207385
Traci,Cain,tcainyear@hotmail.com,v67i-Fh},366e528910d72d8c925d17903689f6663122426326f29729bf39ded857359a06,2023-06-12 19:03:37.378668
Kristin,Henderson,kristin.henderson@yahoo.com,XVac]3Uc,2a06adc93fa2c15788a4be8026dcfe5773a30fef9868d211cb13b69963212202,2022-11-09 01:47:45.234466
Nathaniel,Vincent,nvincentparticularly@aol.com,T_lqMYLC,737bc7388ba016eb3d11500e3bc4f0ad05804d64a28fd2f5fce2bbb6cd1cb59e,2022-10-27 02:24:19.960908
Albert,White,awhitelike@outlook.com,B2qCD{|G,f120eba7384fa631d1fded39e9b6ff22e418861b6b4b8c2e870402219cfbc46b,2023-02-15 14:31:53.404119
Daniel,Griffin,daniel@aol.com,cbaQu[Om,7202baebb44ee0cdb019180e88d9c99831829f81695cbeffb9f7932ac98e714b,2023-02-27 15:07:55.818632
Brett,Duke,brettd81@aol.com,DPJRk.jd,925cb8e7b91c67714baf26c6f0b91290b3e7950ccc2f9aca5b0d9cb078487d41,2022-12-18 02:46:54.929767
Denise,Lowe,dlowe5@yahoo.com,7MI(#GDN,0ab813382f31ef196f16df650c853a64c184183a263bb0fa36c3e4b4a7c5c494,2022-12-22 16:36:31.936693
Jason,Cunningham,cunningham.jason@yahoo.com,U(MWhSlu,41e72a9833d866ee59032f0618e643a388cd43dcd29d363f14c5549e7d153e86,2021-09-16 04:58:56.796110
Michael,Alexander,michael.alexander@gmail.com,q@v#yP2;,5b2968f8a762b05c0278b1bc1edc4327107c26c44b7505448b9963f419b96547,2023-11-15 11:26:10.957582
Christine,White,christinewhite@hotmail.com,GJoQBnpA,551c51e3cf1d7014e8204e0847d9c2531d626788b59b657b0e646980b7c9b32b,2022-12-26 06:59:46.244942
Shawn,Moore,shawnmoore@hotmail.com,vr_&h98r,f55b3a13257b545eb62f60101c5674e4234f502b6fdcfabde3c6b1727aa37420,2022-03-04 02:50:38.106405
Tara,Freeman,tfreeman@aol.com,]]wep^lZ,e41dedf2b66d30fa1e60467f00d09eb7270038998216ae9bc6bf59051b9ebdc7,2020-01-17 23:08:11.483871
Joseph,Davis,jdavis@aol.com,P%*zd^T4,8fe275cbbd88d437b63e06681b97a4ec160a646b36b0fdffee15697c73ef75c4,2021-09-15 10:56:50.172755
Tara,Terrell,existblood3@outlook.com,I&u1kg8},fee3d6c3b66cad5dd57ff93df51a69094ce90603bda2ec002d4ea0024a0e1730,2020-02-11 11:08:49.236983
Timothy,Hill,feelingsafe94@hotmail.com,FX6<A<-;,9fdbb8dfa3857e7e83e94f34536f4966c5c87ad21657f566f4186abf3be4c8f4,2024-03-09 07:17:46.363978
Raymond,Quinn,rquinn@gmail.com,>sz=BZa},3d289d38d0271261eb3a8d6883990163e47e1f179d38191460fb6e6918a79345,2020-06-03 11:02:31.276175
Abigail,Gonzalez,agonzalez@hotmail.com,%|:eOPI{,87a7bec253f9699025635171060b19350136036258fad447682bf976828c3e94,2022-05-12 01:35:08.257548
Derrick,Simmons,dsimmons@yahoo.com,[$h.NNrQ,2749f44f4b009131fead24ab923cdffa658d38340acbeb28bb5c3ee0848c880c,2023-04-17 15:42:29.679439
Angel,Hanson,angelh@hotmail.com,hx7!C*n0,c3de02d029abd3cbe63d2776b68022ee708f47551d3869e250cddae8ba511c3b,2023-10-23 12:25:53.179110
Brianna,Mclaughlin,bmclaughlin@yahoo.com,SgsH?m83,9d82b60e7cfbfd1d3a6db06ddfae5e3e45e41f2a41ca3d5d9cb03dd01a300dd0,2021-10-15 05:32:23.118289
Kathryn,Roth,kathryn_roth@aol.com,Q{jp]r4V,25476a898e12bdb1bb87631ce3a4b345b4692ce2a716f566c43595b118dc2a99,2020-10-18 00:12:07.526409
Patrick,Sharp,psharp@aol.com,m%HD!?i%,192d1d520783707484a73eeff3b22d38431590d3d967bee5150da662ea891bdc,2022-05-13 12:21:26.782884
Stephanie,Cruz,scruz@yahoo.com,+<+vFkFR,3b7835fa3e9008b3529b6ba778e0ad124d62f80600f4424ad41160adbcfe5440,2020-01-07 08:50:08.225112
Christine,Wiley,christine.wiley@aol.com,ml#geWR=,752a23d9c4d50d085a2651b8866c561475e017e707d39d4dbf49357a2b49e0fc,2021-09-15 21:06:30.007414
Benjamin,Proctor,benjamin.proctor@outlook.com,?nVl|sXN,e9fcd1e962d14c93f80e592c56ae07dab96f19359929f508d1ad1c2d0222a851,2021-03-23 01:05:54.277044
Michael,Nelson,nelson.michael@hotmail.com,yIt{gBv^,aae972d6488069a31b997ea2691f200fffd55e9b2ad78fe8127a29ec404398e5,2022-02-13 06:27:06.893492
David,Lee,david.lee@yahoo.com,BY9Q_df?,4aa185b2cdfc22910a5b444f3095a1fc2e0eb230688bf78a3dbbf55c03fa836a,2020-12-09 14:25:41.221848
David,Blevins,dblevins@yahoo.com,Ux}qU9w0,6bbfc9c946eb9019a1470a6bb9240083958d6a266923af77ad9c32200db93329,2020-05-31 01:44:01.718623
Anthony,Smith,anthonysmith@yahoo.com,@K#7xI8Y,b46f6ad59e53d57d88d067b86a4d746a7fc514f4efcf4439e0835c2a5ab8affd,2020-05-08 03:31:33.835844
Shannon,Smith,shannonbehind3@aol.com,{7*+3gwm,3ad3ed8bd9a980200bc6b00093a54136a7b0202886249038e6af19d215178328,2020-06-22 15:03:50.630237
Michael,Barnett,barnett.michael@gmail.com,|EhGV9#P,7922112c8989ac69590744978ce78be2862e9addfb1de3a6db468da65e9bcba4,2021-07-06 21:06:00.193757
Angel,Wright,angelwright@gmail.com,9e)EB_;[,f9ba83e821aa4be1bde95f290ab713b684625ee3785c275600a506fc27ac6399,2024-03-09 06:25:34.949409
Duane,Ramos,ortv957@outlook.com,HH}2;T4k,3460fa6c0e04294b8c4a4d411f96cccd76d31911795f5b9b6bd1e7facfb32d91,2021-07-21 14:40:55.628280
Adam,Sherman,adamsherman@outlook.com,b>@23NmY,c981a13fcd747ac48dc3311f8dcde38a43edb600bfec1a158fbd468963d50bbe,2020-12-25 01:30:59.435478
Thomas,Jones,jones.thomas@outlook.com,^jTTM>ps,12e10bca4c48f579efc6f3a8a192e0d53a79359a59d45fcec74b115123fa873a,2021-01-19 21:17:51.524308
Leslie,Carter,lesliecarter@outlook.com,!*>$i{.k,e3d14dcc0b06ed7fc7ad274a77044e9e6d38c8ff9b0ee90b13ca838ef176cc99,2022-08-15 15:31:43.558314
Amy,Vasquez,avasquez@hotmail.com,)g==KN{+,9b5a9cc63aa8f88b01c8ad2008cc1e167b665cd125fa997e6e715f632d79112c,2022-03-06 02:32:20.934972
Karla,Roman,karlar966@hotmail.com,FU[x036-,f455a494827cc9194bc202a22c8484a0aca0bdc971673950f2e07fe235844aa4,2020-11-30 08:45:04.062872
Paul,Smith,paul_smith@hotmail.com,Rcwnn0(E,93499baf39b875a3305e406ee851dd896a73c0a5e2d26fde57111d7a11226958,2023-12-18 15:34:40.318440
Christine,Shields,christinegreen3@yahoo.com,erOii-RR,27bdcbb4cb70fc3c8fb5ed08ea0cd0ff8a3e5edbb44c3fa80c088ffeb27216c7,2022-09-04 02:20:20.904625
Russell,Walsh,oilperform@aol.com,I)92jAA],b6fd1dd62f82921f38e9c677b3f8079fbfeea9def1d972fd0124952b5b8ab08d,2023-06-18 03:58:47.248508
Joyce,Anderson,jandersontoday@aol.com,*^_a<{S<,8744b575e496277341bc657704873f23fcc3b1fb20892734965509541f41eb83,2023-02-13 22:35:39.446111
Steven,Solomon,ssolomon44@hotmail.com,t-!yp6C4,cb9279173354213844547ae86aaf5b1609cb37e201bd93a71a28e73276be69d6,2023-01-21 00:14:18.680468
Benjamin,Reeves,benjaminreligious55@aol.com,(I-c_{MV,65813a2d88cd16b8f7c0d45fd6e04c496950002ef95785c00bad699db4355c5c,2020-01-14 11:44:00.159220
Bradley,Hendricks,bhendricks@outlook.com,Q{!y+zg9,8e13986e1f7160ed451cc82d77266f1f66dad9de930013cb1ecb649d3394bfad,2022-06-28 15:48:38.147452
Walter,Garrison,walter.garrison@hotmail.com,Zg1BVDt%,4d4aedcecdef3dbe6592faee7f64363e9f7e30af518d6f04336f3b047f4b6ec7,2023-10-18 19:13:41.691523
Brian,Murray,bmurray@outlook.com,j9c[%5?;,f6f7dd88490638b8aa29c9e164cbb1a6cf9d0bed96f1da5d22ec9f64c084d364,2022-03-04 02:04:45.691226
Brenda,Taylor,btaylor@hotmail.com,Fx?o4pLV,ab99d4b2d57b8f7b61818b79e68d8825196415a92428b7667e2377d3f7fd7f05,2022-09-24 12:01:40.939643
Amanda,Benjamin,amandabenjamin@yahoo.com,Qnv5%YFT,24765a2ac3d508c0efea9023942f7c971cb92e2ea3f3f0829512814466895448,2021-12-06 05:24:18.182577
Heather,Dennis,heatherdennis@gmail.com,PDn5jT00,878d88f2b55bcfa3fc9bee9f6ce7cb464ade9ad81fa4f187bf5bc67acd684d11,2022-10-20 13:33:32.845788
Kathleen,Winters,kwintershotel@hotmail.com,R@6DZZ>-,c0931dd5cd94f6cdbf7d4c6d561918a6e91f7d6ab9ab50bd775f1b04120370e7,2022-03-14 07:19:59.168229
Amanda,Herring,aherringplant@gmail.com,N-9>XNV?,007a7f80b4e1c495c71e9a2d83d0802eb3229b58aee4ace62d371298bcb5cab9,2022-08-17 18:30:12.885056
Kenneth,Ramos,kennethramos@hotmail.com,{7R{X})3,fc6b1921def8b46abe4971b11afbcbc80660d3daba1535615204decabd141453,2020-04-04 15:16:17.084209
Samantha,Castillo,samantha.castillo@gmail.com,v2s$aaiW,49b7b21c799e8827afeaeb5d493f76cd523dbb15b5f09cd850648470de543ffd,2022-07-26 19:28:35.045980
Melissa,Morgan,melissalawyer416@hotmail.com,dC_MRKuU,323fa6bf73a97691ea3f4f10f8f226df1bf489aa18724e1a956b8860a62b7833,2021-02-11 10:55:02.295493
Kevin,Moreno,leastlot5@yahoo.com,.5NbdSvP,7cc9116261bbdaba359ae156e86befe0c366d348c6c7cd344ca0d001fcb5eb2b,2021-11-01 12:33:57.463068
Stephanie,Summers,ssummers@gmail.com,IOy7fjL+,60bcd3278659b74e8719f8de348f33068a088a1b1b8ae977b78ae6cca1a85504,2021-03-08 18:10:53.576146
Evelyn,Johnson,ejohnson@yahoo.com,&7:xNwG_,104a8e8e1420d3dfe15c0dd5dff8e1b5a3f602785dd5703643f68622fe09acc9,2020-10-09 01:59:00.286893
Sarah,Ellis,sellis8@aol.com,SN:nI}1s,0c876135d9298b309fddbdef4783afe33b2012ba13455b1a7602fa535c724d35,2021-04-18 09:08:46.336215
Evan,Williams,williams.evan@outlook.com,X.1Qbt{k,524fe11935c33f1a1fff547f0667d724b786131160c65dbece107f93da3d62d0,2024-03-03 16:31:42.752476
Lisa,Weber,lweber@hotmail.com,i-Z%_[qf,393eb36fe791eacea1137a42d8851af70388a3f262225560cda9873b4ff37f2b,2022-06-27 18:08:25.575339
Steve,Graham,graham.steve@hotmail.com,IDmdC}w0,b34127c0e63c09bdcec423491e45831f64418b8fa62f41c49ca6827a2d84396a,2020-07-19 18:31:47.519077
Tom,Hays,teamwall@outlook.com,nutGN|9%,3e334459e94bbc5a59d40545349711092814cc675dd864ec5348770352a5c3ff,2022-10-20 10:03:29.454608
Jonathan,Anderson,anderson.jonathan@yahoo.com,<lb>Vh]Q,1b6d8e338ed90df5323c41c926b85ae9ece51664e4dc4d7e0a696f9d0838ead9,2020-01-23 07:11:21.386875
Debra,Harmon,dharmon@outlook.com,;qW.PCFt,5e597afd48946a9aac40b27c67c18fb32277b2f69ae13b759ca8a6c7c69f390e,2023-02-24 10:02:16.792108
Sherri,Baker,sbaker@yahoo.com,MC1.{W]g,827a111bcce6f1d160827306ef38043819ba872117a9e6167ecbfe71489c5713,2023-11-02 04:40:19.179125
Sandy,Williams,sandywillia@aol.com,19?=Vd2O,cee399dbc80c07a7977d4987a2cbdcb5f1d6dc2c7f177e27bf7a7d9630b34fea,2021-11-23 01:26:33.200212
Timothy,Alvarez,talvarez@outlook.com,h7n#Je}e,6c3f92503edc0a45eba6d44ba55075e62f33e118c7945f7cb4e1546cb6c3d181,2021-09-28 12:06:05.250281
David,Duffy,dduffy@yahoo.com,Yk+Z<(;T,de268eff9c1fe1044cc59549b6eb340d2152fd23db62ff64c4dd3a8908c10dbe,2024-03-13 21:59:55.803274
Nathan,Haas,nathan_haas@aol.com,U3xr87:#,c6ef00df49294b9f0ecaafdb2ca335abcfe53461d706fe13019a292e620eac2f,2021-03-20 07:41:11.624220
Eric,Burke,ericburke@aol.com,=rm^r9sw,319a77ada241dbae39d0f9d270ac9038af1838dbd71063ce8705fce1e24f0a8e,2023-03-15 07:58:47.443460
Carolyn,Garcia,cgarcia@aol.com,qJ$sqDT0,571cf337972e89fab0f0f2c7a45f4dd9bb768f34cfccb64d448c5fc8d5a89a47,2023-11-26 23:42:49.571513
Monica,Johnson,scorebuy@hotmail.com,s)Vl[RJK,abbdf3f32504e3fa357fea21a2f720ccc8a30cd27e5a8bba000c041c324499ac,2022-06-06 06:45:12.893225
George,Duncan,gduncan@gmail.com,b^Obyx1O,446cc6032efbc760ec6a8e70664ff60bfe3bf148dd43c0f3d997fa75dbc852e0,2021-01-01 08:39:10.954713
Tiffany,Chambers,tchambers488@outlook.com,V^)Jq<.D,601ed8fd58d9d114eddf05dfb5006b915f35119d36b7ea930d840ac5d835c855,2021-06-14 23:35:32.035302
Joshua,Brown,provelearn871@yahoo.com,[uJH]Re#,c6d1738943409fb489466aaa75f77778ff4a9e0d861107ea53792b99b7f4e771,2021-08-12 10:55:38.778014
Shane,Hunter,shunter@outlook.com,>459sweF,34df45a99e108a7b96cf346b1050fe1ba10672a96baa7d3535b24a7f1523444e,2021-08-01 21:59:01.213714
David,Avery,davery@hotmail.com,!=R6$XjP,8b656282e85497fa178c9eb98ed00fae4fbdb807b10ce76894a80f8de236250c,2022-10-05 05:58:38.818560
Todd,Brewer,toddbrewer@gmail.com,}sZ[>u0M,0e2f2ad85875a64ba75354df13a595a98fc0eabe42f98f73e59fbc2f2765d3b6,2022-06-21 02:45:34.061332
Ricardo,Ford,ricardoford@aol.com,;c$ZDIZQ,681f82f11927b765203ea0e0e4dc11421d2b7546a2679afee2dc2b66b5eec182,2020-12-09 02:09:40.911938
Kara,Campbell,karasing4@hotmail.com,.yg:cgs-,1b475d82490948aa98d47c8d37bdf5d5b95a629e2293c1ae7f8907c99bd03cc5,2020-02-11 22:11:05.532476
Lisa,Johnson,ljohnson@outlook.com,^8uAs-EJ,3d4228c629679eb3692ab891b789bb959a39e7fb0104d825260447877cc44a97,2020-04-23 21:31:53.133086
Shawn,Wood,shawnw4@yahoo.com,TfMXP$kF,206ca4412e34ff14ad44716ee7895906ec1673972e01c008cdb01cc63b68c495,2020-05-30 14:12:25.340908
Janice,Smith,jsmith@gmail.com,>*?hey9+,4710f61e0382ed8d6414c9750c6477140c6c23dd816a60d7e05c835a8d442da1,2021-05-28 21:43:17.335871
James,Castro,jamescastro@outlook.com,n6ePV%rT,121037f5319b3f41b902d5064e1cf054469f0fb03449d456d45b93386be02dad,2023-01-07 02:37:47.056849
Robert,Montgomery,robertm79@hotmail.com,v#Xx0dr;,aea7b1e73d54242dd2cac07d85d27b3741811f0df9dc24496b25726e2bb0b7ca,2022-09-08 19:12:52.364286
Frank,Chavez,frankso@gmail.com,r=j5>80C,d46558ba751b3a39f8bc64fc33e43812eebc863a74e33a0dfcccc7ccd026989a,2020-09-27 20:09:44.175700
Rachel,Cox,sizejoin304@aol.com,%WO8;f:4,3799646d98ee656285875514e17c8871c131b5da788484ff8859390cddbdbd2d,2021-05-05 18:57:51.722021
William,Conner,william_conner@outlook.com,y@_$O$1X,79520312d85d05f33e16a47473e7e0c78b728cfabff7f8b99354360b9a22fdf9,2021-03-18 15:05:54.020768
Maria,Clark,mclark4@aol.com,a1.;yJag,8fd2adfdfb8b338f9d5b3037493195f8edad7c59484d1892e86e818eee044f28,2021-02-18 22:12:02.814266
Sharon,Holland,shollandfirm@hotmail.com,P{7FIj:],8c1f0aeef50757a92816304d4b2bf0fe748fa56ad8a4ee2a3e1e81158cd1aa4f,2021-04-20 20:50:00.683212
James,Martinez,james_martinez@hotmail.com,%%D_8;&<,4f9fd33e9f70f4731d23357edb6d40bb7487324f49a3e7a38b585dc9a4d16364,2021-11-16 22:22:38.375860
Charles,Howell,charles_howell@hotmail.com,v=D9Tlxi,a802d9d6ae57716e2fa69e63dd29c9ec166a64a3d2648b538ccc981b51ee8562,2021-05-07 12:56:43.385754
Russell,Webb,understandsix@gmail.com,;APLRu.e,6a779302a07effc058527e642c6423700d414fc0f4b931f6ee9503ffd7a4a3c0,2022-01-04 22:28:53.678552
Karen,Farrell,karenfarrell@aol.com,Xz:]G@7!,13fe82f0e38a830b6fff583a35c0f227d0adf3e787075fdc3664df23f6a75271,2021-12-04 21:06:12.742161
Paul,Cortez,paul_cortez@aol.com,E*mDv3UO,927ee5a50250bffb2ddccc74e6d19c5e44628b2326df806dfc6ded0195f33430,2021-12-05 17:10:20.106500
Joshua,Diaz,jdiaz@yahoo.com,GLId)(AB,6de1e4e67f2de7095a09b077a93b27d90b88244c2c50ecaf212201503e1135c9,2020-07-01 19:01:40.716021
Keith,Lopez,klopez@yahoo.com,<DZdj<f_,f2ea45d2d7cd6254695fd06b5de6586a0a2403e0ad8d15b653a6fd4e9ef11a3d,2021-06-10 15:02:40.055985
Joshua,Guzman,joshuaguzman@outlook.com,?{E0*VRM,05178feb6a1f9ca3f1b2ccf8e626dc3f992ec7fefa8c8bf5ace0ace19886c622,2021-01-17 07:47:33.951652
Richard,Bryant,richard_bryant@aol.com,YglW]&-8,9d48917a027ba41cf44f667da0174b6a2cd0b70eac71c712e9ac12917f074a1b,2022-12-17 18:55:44.522254
April,Bailey,aprilyear53@gmail.com,y;gj#yb9,6036f897fd791cb8efc634d7ac115d852e7f122608ed502bdd88678bad26d0eb,2020-02-26 02:39:31.193281
Amy,Farrell,amy_farrell@aol.com,N+_I_Te_,f8f43bea4a4e804670c520a1d16e7634c908f1f894036fe61660f043825b095d,2020-05-13 14:53:24.418332
Marissa,Moore,marissamoore@aol.com,{?NM?Xrp,d9e01dbdd76c2dd4072bf352268abcc9a973823e6bb667348c9c0aa0a4a38347,2022-07-19 03:22:26.748061
Kelly,Pena,kellyp2@gmail.com,5(yuQ0$@,e06be61d8d5b04247775c461e87f307c7979fbe81c8f320b7d8264ff4ed16e47,2022-05-08 17:12:59.453212
Sara,Morris,saram@aol.com,]fD3)*i[,853e940a7aafac565a8e467284f7fdaf44d6990ef64f3b624ab79d658287f69c,2023-06-29 08:56:38.919937
Ana,Bender,hearspecial6@gmail.com,Jc|;@tm1,315b7cc3ebaeeb439f131310b5d8450124aa1e16b1825f4c30b30903a9ca5df7,2020-11-26 04:38:06.204505
Elizabeth,Wheeler,elizabethwheeler@hotmail.com,k5U8B.eW,c021a0d196fa614a6f11e07acd9096dca9b7c5273e7e6fbd2f139720550df709,2023-12-16 20:49:12.986833
Tyler,Lewis,tyler_lewis@outlook.com,=oB_cY^t,277133975d0db80c311f8eb3b7745ac1c86019db886f1654ee8c930142e6ff61,2023-03-04 14:38:09.153044
Jason,Harrison,jharrison@gmail.com,u?lajYW9,4ddb9e61414e03797cd9071aea8217a77783bcd17e769af512f358f18b63f23a,2021-12-06 02:24:26.875624
Anthony,Sims,anthony_sims@hotmail.com,N_jJ9{jK,6ddbf4fe4dc6c23e3bff2432d4d6639b6bb5b061bb87a523653401db1ba5fa91,2021-03-19 03:57:09.063633
Ryan,Alvarez,ryanalvarez@gmail.com,L$;Q5]BZ,9143270d72cad1002cba7a135df50142d2e80e0f984830574e1008074f6f903a,2021-12-06 03:59:00.241854
Stacey,Wallace,stacey_wallace@gmail.com,+kmZ:}w0,8e567ae113cec7e7973dff2cd740a12920ec05de2bdf23c56326e3c1fe7b0039,2021-08-15 10:11:35.520746
Tiffany,Garcia,tiffanygar@yahoo.com,[a|Hn}wD,5fa9e13cfc1d3a082ee2793f4a518ed457b6b32eb0fa7d2c500cfd9d553d48f4,2021-09-04 02:46:06.875302
Anthony,Young,ayoung@yahoo.com,v=<?rn5P,de432846cb4cea81bdd42cee4f6e005e056dda2c3a66b6036ba68da9966ec546,2020-11-09 17:19:48.785437
Alexander,Bradford,alexander.bradford@outlook.com,2s2clBt7,64f22b5330587cd6b4ca808e0c684befab9d575361c98cba9984a3c511018329,2022-08-24 15:54:56.811340
Teresa,Brown,firmview350@gmail.com,R@T]NPXk,7be237deeba24d8aa40ac8675033a2bb31f82da089ae69302b6da6a2689d801f,2020-10-06 19:45:00.580823
Jeremy,Marsh,jeremy_marsh@hotmail.com,DZ2fAF]5,418c111b265ca892e573084171444c2aa654416d1c8f17f51c2025f646750b8f,2021-10-18 05:33:40.890623
Bruce,Johnson,bruce.johnson@hotmail.com,#utleVxc,8c99a4232340b06adbe011afd9c314896ed61d687273e82decbb78295a2db2a5,2020-08-07 09:29:04.510527
Linda,Murray,lmurray@outlook.com,?Q>z&YX?,5a9ccbb73188d8bef28823e5e8af99a66fe9310bb920d1f2c8d33fa6efa28009,2021-03-05 15:17:24.179189
Henry,Patel,henry.patel@hotmail.com,a)?q[(01,2f5dcf3b0974f580b13c68f5642abeac0e5f755ff4befe0dcd0bfad6b2542adc,2022-07-16 04:46:50.191987
Jessica,Wood,jwoodclose@gmail.com,&<D?HWjK,0b659e0c4f63d25149c715e1b2a6274961e98a2675a5eaabb5cb5e31b5b066a9,2020-02-07 12:21:44.908042
Christina,White,christinaw55@outlook.com,vCsSjT{-,8d5120713090a5a4ea0bd5409b9ead504e3b50547c3f9248fcaf061307aba63a,2021-11-01 22:40:12.428038
Jason,Blake,jblake@hotmail.com,EIT8bkx$,ab896d9c980a493ba70852089f8c2ecb3bb1ba1744dddbbb7c4bf54f45195cf5,2021-01-21 15:44:22.870522
Jim,Morgan,jim.morgan@outlook.com,y8>8egJm,3c6d8e1eb9686874df7851101b0b25895a4efa7edb58375ec661aeb05e652bf7,2021-02-27 16:06:16.133276
Rachel,Jones,rachel@gmail.com,GIcqOhB7,69150dc4307ca521794a7d77ab5605bb6fa1de52bddd231f87d8651462bc7f3a,2022-01-02 08:37:48.118135
James,Hopkins,james_hopkins@yahoo.com,zeKcHGKu,07bf3e4875a532300b4b0926793cdfc88f0f57f39f8e3d5cdb9642b2b98cf88f,2021-07-08 04:28:34.700867
Susan,Walls,swalls@aol.com,D*P8gsA|,343ed76d1e39c7ce6f745ead5b6f9d20667b31e5d15cba74146e5f4d4643acf4,2022-05-19 22:24:05.040787
Christine,Davis,christinedavis@outlook.com,{U@wY6.t,890a6c7c1fc77a174d45caaeaeab02c1eb285ea95702b9611c6f08c7df5fa9d4,2022-04-15 08:43:06.314486
Robert,Lewis,playerfree8@aol.com,[:ksG<*y,57cf3355ed74bc358ff26e79688fa64b80fb7c6122e45c595f3bdc6cca7f5467,2021-02-13 18:36:06.745356
Shawn,Jackson,jackson.shawn@outlook.com,m4_U=*=*,8f85c6ee5ccd52bab3179fb204c9f51491422c44c93336bde198c4aa55932809,2023-09-19 14:55:09.931885
Pamela,Stokes,pstokes@outlook.com,+:]yw?K[,158d3a9408a415303e941aa39ed44c966b208b12a63a7fa9328ca57ae96a4373,2021-09-30 11:27:30.551281
Emily,Chen,chen.emily@hotmail.com,{F#OOAd%,070061b42b0cb44f635ee0b79e845ce310c1eca103586de2043b5c4aa62b9764,2020-12-07 20:17:18.047204
Robert,Gibson,robertgi@yahoo.com,DTprp3{K,59a6b646ffac3b9846f713bb3e11df31c526a9ca679e107a9c7f12cf1f4ff56b,2022-06-10 19:37:40.463026
Nichole,Hood,nhood@yahoo.com,_GccoY{<,ab456d570237f8616ad0005b6ce216d290792cbdbb249eb2ee584adc07647ba0,2022-02-07 00:35:54.879508
Brandy,Gibson,brandy.gibson@gmail.com,#Pp_.Q:L,052ab92bb690e413516c5d701ea729f3202c436ef6f3c52418233bcab7164d32,2022-12-20 14:54:31.802530
Albert,Calderon,acalderon@gmail.com,kHCEeW?p,af23ffe72fbb180fce09400051ab537f0b5435c3635341442bfed61eb9120301,2022-03-07 13:07:38.574255
Andrea,Vaughn,avaughnproperty@yahoo.com,i@1eo|a),bf35d5919aefe81ffe4c7766b7d231ed6f2dfeca9b94285d8ffe5d27a2cbec3e,2022-05-27 15:47:10.983935
Natasha,Sims,natashasims@hotmail.com,+]KYYd9<,1cb941e12934b2a480fde2e75e5478ce4ccff72263a00623223c1c68e6f19bb2,2020-10-30 07:05:10.984791
Dawn,Pitts,dawnpitts@hotmail.com,@$C5J(22,64e4d4939d0f5d3dee7b78e5d4aa13dc474948c3172ddf89f9c0712cdd653cbf,2020-03-22 04:30:55.292546
Joshua,Valentine,joshuarepublican9@aol.com,QRlF8bAc,cd08ffc1e4baef0ae0bf436e2e8f1b4afcd3851efd7a73cbfc95099615424192,2023-12-08 22:01:12.340409
Jesse,Brooks,jesseparty85@yahoo.com,%yZXj78-,605283b81d6878b917aba63c45892275fce4dd1a2ea8c7900367ca7854498878,2020-07-24 20:23:04.990196
Jessica,Dillon,detailnewspaper67@aol.com,:u#R$9(&,27b03b3b17398d4499cb47857180e19d45a829c71c888df8896f40ba4eeb76ca,2022-05-04 15:59:19.397688
David,Price,davidprice@outlook.com,EtD{%WK!,fe861efc3f0f8b6a3c01e84d8a850a46986d1ea40e54187944cf8ef0fa4eb07e,2022-02-24 12:02:29.934632
Cassandra,Petersen,petersen.cassandra@hotmail.com,Z3SOJHh7,0cd65c9244fc9b7f537df847dcc2a0251d9c7f2a03e2e8689abd6634a3c496c1,2022-11-23 06:18:05.236331
Jane,Williams,janecivil8@aol.com,EI]eY;L3,8305eaa0399aa0cea14fb0c11392d71a0244ad2ad371d2e2010703b2ae4d6874,2022-10-16 15:13:28.240472
Timothy,Rush,timothy@aol.com,k]s[G&Sc,a70b2231162faed5502946cd4c7adae3ef81ac3195e244362c8326fece42a1a4,2020-04-11 19:32:25.825691
Charles,Riddle,criddle@hotmail.com,1xk$YByn,9d6e33d99c26951efa5df05b5bcf0ece42e5ba22dcb4107b50c439a931029d6d,2020-03-21 17:00:28.269397
George,Steele,gsteele@outlook.com,82Tz%];T,d3f86e3b5f49ab290c7242ed1eac0b7c375d8d80bcb00b8987576bef60b2dccf,2023-06-13 03:20:58.527375
Phillip,Young,phillipy628@yahoo.com,^RgYvlx-,11463ba9460218092b71abdee00b73fae82efb26e78b43d5cba9b2dbb67bb648,2022-04-26 19:48:04.109986
Ryan,Parker,ryanparker@gmail.com,.E-M@P^{,a5db162fad7dd8bae9d9f9e2da5a3fa1b1c215cefd045ff350175f2634e0680c,2022-08-05 09:35:18.513682
Courtney,Jenkins,courtneyjenkins@outlook.com,=.XgIR4Q,37a77a170cf0aa56f53d82424ea69e6cf740e73c19c21f33c53de4fb27b45848,2020-07-06 06:23:38.515052
Jacob,Hart,jhartwe@aol.com,QS*NsVqw,ccaff7517423a33862924bb7c38860a203e88ecbba1e1c3c6c4186b2d9c20007,2023-11-04 01:43:05.093929
Christine,Brown,christinebrown@yahoo.com,z&5KM6C$,f5389f278c51ecffedbba22c0dd7b51c13a05bfc97508f76a9d72ab4706e3363,2021-10-20 21:51:17.653137
Kim,Moon,kmoonand@aol.com,-5gnx)BJ,139e02fd048af893a3f29cf53588efc2d5e483957b7a3522bccf3860efd93281,2020-09-07 11:11:34.502815
Jonathan,Gomez,jonathanthus@hotmail.com,1@mn54Ms,9bc499f63696feed61be4db4ef8c4f7bac0410522df054055dc29452fb2e346f,2023-03-18 22:54:03.553275
Amy,Taylor,atayloronce@aol.com,tTM.3xv0,886dff6e05a52e4cadbe2232bfecf5cb6eb1b1c972b60dd7cbaced601c6a0d24,2023-01-19 07:35:36.678438
Renee,Willis,reneerich8@gmail.com,Z#2ZCI!{,5a8af528c6f749370b00b59d28597cc4adfe301eb6d351ffd0263bff33738e39,2020-07-08 21:26:08.937383
Kaitlin,Reed,kaitlinletter581@hotmail.com,Wn@)Hh5x,3b1eddd52e651b37da0de0ccd31fad90023d2bf1b78de78c4f98224c06060013,2023-10-02 07:47:11.815342
Sean,Rodriguez,srodriguezspeak@hotmail.com,}sFX@-8s,444874182659f139ce559bb11700349efd03029f2b44b76237a442ee8e6112c8,2024-01-10 06:06:07.595879
Christopher,Walton,christopher.walton@gmail.com,A%gNB1jH,a7f43345224907a19ec70e422b9068360cdda0d9e1b147313ae5c856d97adcfb,2022-12-05 22:29:35.061699
Robert,Moyer,rmoyer@yahoo.com,XiK9+dxp,aff4817c3bf6dab85f6033374e09c8b2961bd9c252a2f0ab2e7ce87822860710,2021-03-12 14:23:04.645931
Jennifer,Leach,jennifer.leach@hotmail.com,cvka#4IZ,25877740dda0291081f0d19dccb8c9e084eebf37130a285c1481039f12ab81a7,2022-04-27 17:22:33.436701
Kevin,Erickson,kerickson471@gmail.com,n!jDf$;k,7cf465890ea2b8416d1cf32919894044432f03b939a3199b704df064eae38002,2022-01-10 05:29:50.067601
Andrea,Dunn,adunncharacter@yahoo.com,7*x<N+rY,b63fdc0cfdf8c421f6ef6596b8f63bc053d2cf09c2ca407821daedfc0edc21c3,2023-06-17 16:04:39.322256
Mark,Gonzales,significantchallenge@hotmail.com,*kqvmWV<,8622e09376a2097ed4fe27ade71fe57a290fc6d1081c85b6b1635ca907a6fcd9,2021-11-10 01:09:06.875645
Ronald,Li,rli@hotmail.com,bmS7UJ91,872ddfa099749918903cf48f0fae9739e63a87da7b5d76a01157508763444af0,2022-08-24 03:59:59.232771
James,Aguirre,james.aguirre@outlook.com,-+>ZwQw$,25c23708a3cc221f18d12bf82c63fcb31d97c8ec5381b2c581278c15323fd013,2020-05-31 16:34:59.736674
Vanessa,Vang,vvang@gmail.com,{oT!:%QZ,fe5799ea531e3c229d801b8a2603bb1d757ca779816f8d09896cd3a778f54f81,2021-01-14 00:26:25.194909
Veronica,Brown,veronicabrown@yahoo.com,Me$V1Fr>,6965ed638d47c3dc549968bf650222215270097393981c52a9e257c48e27e8e1,2021-01-06 23:16:19.289606
Jason,Black,jblack@yahoo.com,WkGkW4pG,a5d79fa52d82a35d5aee69aa7f12ef45c8d60e4d1226be85cb1c0c42dc5dc0c4,2022-11-15 16:16:38.403924
Michele,Shah,micheles@gmail.com,TWa&{}Mj,9de5b5e994a38538bcf5a92c51b7457f5ecacce529fb1d2262b8d33314ea958c,2022-04-13 16:35:46.946402
Jack,Davis,davis.jack@yahoo.com,|kAvbtIC,70a5fa2056fa707fe37ed2db12e6d7dc02a27ce4f2470cc09a76097f7db87a9e,2023-03-12 10:55:19.274169
Katie,Johnson,kjohnsonpart@outlook.com,$|G>bh4<,d5817b0cb8865873cd4fa40b0fc449415d7cbf5f2139f615ab750cd726d52642,2023-02-12 22:30:50.887582
Michael,Brown,mbrown4@gmail.com,2x<8<(Y7,cc324bf25de4db409758b4c693b54805ba888061948bbc1667d49f995535b0ab,2023-06-09 13:22:59.082957
Darren,Reynolds,reynolds.darren@outlook.com,Kq0NP1vX,067b303669150418274a20d72f66c39a94a419d5fd833803ead648d3cd6b67e4,2023-06-04 23:06:37.839385
Rachel,Weber,rachelw5@aol.com,84@#)l*I,096a7abca20a1fcdbadbdd8608c8b1988127f2a460aacc3e35bb78b235c9c93c,2023-06-09 22:17:10.611736
Mark,Conley,markc41@aol.com,:7_@*C2.,7f10a411af80ff6f2eeb173cdf33e1587a05de425b71ad4ac44f89405b82ada0,2020-07-27 01:51:41.593252
Wendy,Parsons,wparsons@outlook.com,n@EI.X[^,cfa9fe9f8b5f171c205bea1a927e57a687134d40f19c52e7b9391f96512bef04,2022-06-27 04:14:41.517588
Michael,Valenzuela,michaelvalenzuela@hotmail.com,Y%K4|LYc,9fb8ed1359a17cd80a93f5eb482fcbef5b23f9abe690102bde8ecf1d3a6f130e,2023-04-24 19:27:17.629803
Susan,Marquez,susanmar@outlook.com,g6M.HF1y,ee983bcdf68313aa7b94e59b1e7a4576888414415025c40c5a497db58bd59052,2023-07-29 11:57:17.057661
Christopher,Young,cyoung@aol.com,S0Gqx1@8,de09891767ee1e2bf5e0883e6f32b9fa2203ad5e2cefc2e55cc1976d88964f7f,2021-06-28 21:54:52.454170
Jason,Murphy,jmurphy@yahoo.com,TFU0j&?6,039f514ac94571b6dbf6c70057bb6797c7efd24cc589c6603cebe9610a0eab65,2021-06-04 18:17:36.618313
Andrea,Andrade,andreaandr@hotmail.com,:}>ZP@<p,6ab5800a63d636e2a32d99a99f42eaa796018bc50602ecc1b0be5acad8261d4b,2021-01-07 12:39:26.869083
Courtney,Mcclain,mcclain.courtney@aol.com,tK1#p&[5,a76e4694546b2aa06e410f291fb3ccf96ca1593d476cc31b52af3d4810267766,2022-07-25 14:45:36.900865
Dylan,Michael,dmichael@aol.com,RE*>jFtB,5345d9aa76186d373c6e3eac5bae000ab5ed88a889118879f46d2b83c1568eb4,2020-01-25 16:16:22.702820
Chelsea,Campbell,ccampbe@yahoo.com,S6a:py5r,6b334c791a7bc790d584da098831880875907e64f4774c2a57a7ff7cc436c076,2023-07-05 10:33:48.723177
Michael,Franco,franco.michael@yahoo.com,DGo^D-|c,f2fd42b196d6563cd5253842805e0aa6796ecfc553a4f2c12a20979626cd4206,2023-04-26 23:47:29.314940
Ashley,Black,ashley.black@hotmail.com,Y8HfBd}#,8a4f32f2e23f74d14841f73c5f68267e1413cd5b71a816bff7aac9b124f50a19,2021-06-02 16:05:28.217422
Haley,Esparza,haleyesparza@outlook.com,[AKj+lHD,d6f4fa820b78c66cac81a7fc2923c50f5aafb12e86eb64efcf6742ab536a6819,2020-09-27 15:11:04.509677
Stephen,Ruiz,alreadyhistory@yahoo.com,x7&tlmzX,fddeabf7852c62b16429dd272121602bf7983e022e220521e1587d5a652d5262,2020-10-02 12:28:03.296319
Dana,Campbell,danac@outlook.com,_.ionR)1,dacdf6c5b8766fa51dbf8f2b731606413feda57c8b3eaf1d1191c409df4b9d4f,2020-12-14 14:17:38.298392
Christopher,Miller,cmiller@aol.com,NT;+UtU;,3182ad2d08c4e5deb77c9a3582a050de4b5f71071887fe56e0c88dc3b9b0d11f,2022-10-20 03:26:21.461031
Kimberly,Green,kimberlyhospital6@yahoo.com,J4wA!}LM,51f7995fbee54bac6daf6247e68096af76c6eb9ca28750b57a6779c81e6ebc92,2020-01-21 05:52:50.181526
John,Alvarado,johnalvarado@gmail.com,5jBEe%QJ,d0def3dbe2460692ce4c8af3376c5330fce2a04721429bea80d257e66b894208,2020-05-03 08:48:49.696673
Alfred,Bennett,bennett.alfred@outlook.com,|r2Qc%@?,e754eee0fdf2391958c1ffe7074b31e36a150f41142d85e5df4132f36b6f9b0c,2021-01-20 21:47:36.096653
Patricia,Leonard,patricia_leonard@aol.com,D{IsEhA{,4ca6c5a9c40460d0860c6f8d8ea15f8edd1d70acffe626485b85d4d7e5bf8292,2020-08-19 10:08:48.901434
Stephen,Lee,slee@aol.com,sZ!P7f#z,823e26dc62e1f5c2d67bed71990d4ac892252740d05349ada271c78c0b81eccd,2022-12-05 02:42:36.389686
Ryan,Sharp,ryanoperation@gmail.com,{.HBj9uw,1748b654a78394059ec48ffed11fada4bc7acbacd4a9586d631e0fe28043b20e,2020-02-17 01:34:06.049217
Michael,Becker,michaelb8@outlook.com,LXb|W2cp,cdbc298d3bae8c3d3a0cea3c4ed39f460c69104bde69df04a3d7af4d155e8b6e,2022-09-27 13:07:38.598342
Natalie,Hoffman,hoffman.natalie@yahoo.com,i0cB6oQC,e450659ebbdb1d83af1c8ac66ab1d3d405ceb4d25588b26950c75d724f9c6763,2020-09-14 14:04:23.915489
Michael,Preston,michael_preston@hotmail.com,0+n7McS*,647dcb8a52eab7477b16e3d04138bcf521bfd23fc0e040102a47458a8bac8e03,2023-06-01 12:09:48.028675
Christopher,James,christopherwhether6@yahoo.com,o2k}ei3H,ddd0839d4f6a20d1dc7d9c34117c8081ac0a8665cb1dfff544ffa993a81880c6,2023-01-20 17:16:29.853118
Lisa,Stewart,lisastewart@gmail.com,@sXFe5o+,af931f855b45519e36fd800980a5498adbb7dbe2fd9c959a04e56012caf88fd9,2023-11-22 17:43:48.711192
Joy,Woods,joy.woods@yahoo.com,:(@#M+cx,13e8128104a073cfd9a65d6475267bbfe6c3b61a2f4e59ba51bc023c543bdf49,2020-10-28 21:08:06.924982
Robert,Nicholson,robert.nicholson@gmail.com,9-M+<4?z,0fcdb2796a59b4403b882b081901d2b7d7fb7f44a65443a2309c63aea8d681c4,2023-11-20 15:32:13.537497
Bruce,Solis,bsolis@outlook.com,;CGt29xp,4c3e9e2c5004f9747536948a873b521a5a8a3879fc30371952fe65c329c99488,2020-03-06 22:53:22.214056
Julie,Lozano,jlozano@gmail.com,#0Nxjd.c,c369368c16bfee23894b3cd534d95a9829e79c2f796048f974e8cd281f68d9b1,2021-11-13 04:59:13.485179
Charles,Johnson,charlesjohnson@yahoo.com,q_#Clu{9,5734c530552658adc83d9e30b365290842b9c456fe251c5db1cbf1d30692f812,2020-09-10 12:52:58.307427
Jeffrey,Gutierrez,jeffreygutierr@hotmail.com,GH@L#MFO,9bf4b4a9c9e39f4e5c7b7c4d660552eea57b890e670cef70f6cf8fb422184b12,2020-12-14 02:03:27.574582
Corey,Bradley,corey.bradley@aol.com,m9rf9c8t,5e31f9a846b950696a6a56e410f36bbcdc2ac5ae80515d4079547ae3411a5e90,2023-01-02 22:14:36.293980
Rachel,Martin,rmartin3@aol.com,dw*;:!#4,93a3b6e842d4c3bcd8a646331dde7310de1d608d0d5661cd5c15267fa4276187,2024-02-04 23:19:56.640316
Lisa,Ray,lisa_ray@yahoo.com,>J=Fekh],3303b5569934a903398a744a973a2f017d98d02ff69632749290da42e6337641,2022-05-15 15:20:08.878977
Becky,Vargas,beckyv132@outlook.com,Zp&&[:5V,5586837d9c4cca16fc4653ae91ffee3e0632871ad88d3a59f7cfb6d9d5c6a406,2020-05-09 17:43:13.123522
Felicia,Randall,franda@yahoo.com,Tcq4B8@o,815ae5ed8ec58e6f1fd0823bbf3c27facff23ddb437eac3eaceabba603113539,2021-10-01 05:12:02.100904
Joseph,Adkins,joseph_adkins@hotmail.com,U.3<N|Nk,fd2f98c82abdb9ec87d9bfd3a0e7a5ff54d20a7241f2887928e9d8ba5d8b9922,2022-06-29 05:02:12.670329
Donald,Oneill,donaldone@yahoo.com,jmQDt)AV,030c30ebbb0f1cff323da8c0735b919bf294723b2138a71ae3c0456020c71044,2023-02-10 10:40:40.939376
Samantha,Davis,samanthad6@outlook.com,g+k#oILa,85d590af19ca123fe8fd9a5fef199e918da0584885e1dd9a70f23f90bb15dacb,2023-03-21 11:17:20.068592
Breanna,Dodson,breanna_dodson@hotmail.com,xs0SNpR=,61ed9b3310c78a9e5dc675a5fec612ffeed59fbc55c0fa684e09895a29f8fde7,2022-05-28 10:00:14.086672
Jamie,Hardy,jhardy6@outlook.com,t%sIZ7I.,1c53e5e3dde5775a5953cc7e801fc178537cbc8ed705249d94031bae9a01e0c7,2020-10-30 18:36:19.438319
David,Daniels,ddaniels@gmail.com,;UZS9:H9,cce074291b15a42eee2e3675c7d0a2178f98d25b4ef4ebbd925b72f93f72bc3d,2021-03-30 14:18:29.320317
Todd,Fowler,fowler.todd@outlook.com,H:o^SyyW,a9f941ddd3f3f214adf640c5b3682dc206b0b9763521d73d5363199d1b889429,2021-04-08 11:51:02.296830
Jennifer,Lewis,jenniferlewis@aol.com,Dft$(%M2,e09edd55d12a98cc52f971fcad8c1a5f265113a23916423222a92369947c1f5c,2023-11-25 10:16:41.520449
Christopher,Anderson,christophera194@gmail.com,&5;kbI0:,36862e13d28e68a0262bd8c42b08ffaf14c50bd262010385b052cc9965a7d6ae,2023-04-24 20:16:06.730487
Kevin,Daniels,kevindaniels@hotmail.com,WuYz_:x.,4321345d31d43ef6d9e9e8d1cef7f7e8cccd3f411a505c7921947bb377d098d0,2022-01-13 12:17:55.880056
Christopher,Key,christopher@hotmail.com,@P>|sYt:,5502683fae7edeac1bdf77f4ab83f7fdfd77f12bb4dc21a029e76b656d2aa4f5,2023-05-12 16:56:35.794572
Stephanie,Decker,sdecker@yahoo.com,f%$:jJ7y,d65ea3c8b78c58953ac73ce3b216a3769ded51a01bf564c847a9b9d3e0409c21,2022-02-03 05:59:18.045780
Tammy,Wilson,twilson@outlook.com,S;d^6n2Z,e747e3a6439653ec814a4621ac9b14e07034913814ad6c474383ee148f4e4e9b,2021-06-01 18:27:08.028042
Nicole,Garcia,garcia.nicole@yahoo.com,}SEVd)XH,c16a9b49322832044dbd223205bca42c1700d8188383e1da8216ac30e8371971,2021-04-02 11:09:08.480494
Donna,Gutierrez,dgutierrez@hotmail.com,y%x=HCMa,f1724cf3133616e0ec6faebf45c7d570fdfc47c6a0a41dc745d7e12f8082403d,2022-04-21 17:33:14.936513
Troy,Griffith,troyface808@outlook.com,|)rYoWy^,9dac236dd6a0c375acdfbbe04a0709d8796aa23c78f183e7bc86dee49bbd47c0,2023-01-08 13:22:05.456506
Ivan,Sanchez,ivanculture60@gmail.com,L+MQSaX=,0a0e0d2ce0fde939d7ec0933aa9b465f7ce81515459cf52e33d5bce45b52c4a6,2021-08-07 13:45:10.777600
Andrea,Kennedy,akennedy@yahoo.com,Zo_29<qT,b1978fc9675cd59f1c79bd22c2907fdaa939938e0e053363d3cafe4cb5ff832f,2022-01-28 19:46:42.167834
Brianna,Hughes,dogresult5@gmail.com,gW+qdRb(,828d9aa687535647079bc41c5253f6ad1cedd94c99aa019ec515af8479b2d2bb,2022-01-09 07:37:15.722959
Adam,Villarreal,adamv@gmail.com,LG4C#>f@,4e02731e1bc72103a029976806a803f141a44d0d8247b7d4cecc06221d52832b,2021-12-26 12:16:00.098026
Brittney,Wilson,brittneywi@hotmail.com,okZa9jGp,772b27793f227eae7e52010a94f89eb6d64bf2c8972f285a42d3e55e288956ff,2022-09-27 00:03:37.645076
Gregory,Rodriguez,grodriguez@hotmail.com,3rAlIS2D,b81decf863c8fcdf535871dd85edbff8c263e29beaab2a2251f5c914afe6e31d,2023-03-27 16:26:13.373838
Leslie,Donovan,donovan.leslie@outlook.com,yB[{:SWV,4ab8f6053d5b7c4e30f35ae3e311b62dd9808cb3a5317407a1207536ac9e41b8,2022-06-04 21:13:27.410614
Latasha,Long,opportunityreveal21@hotmail.com,b{G($(+B,9d5a71606035e7f4c30df02a5df16a59c675aa7a02515d2ed1fd0ceb5d34ca1a,2021-12-12 08:35:38.867126
Savannah,Stewart,sstewartopen@aol.com,1UuBc.j$,802c810deaba28361fbcba682e6d96447ea897a774391c2701cc1f7d465970f2,2021-05-09 15:49:41.558453
April,Collier,aprilcol@hotmail.com,ZBjHD+ec,40e8a10a8f2e885d57e80f5ae12d114d10b9e4a49a9888308d267175323bc893,2020-07-12 12:12:01.608429
Michael,Richardson,mrichardso@outlook.com,|?[<lg8m,35564259feec661b4d9a6def1f56b1d8b6ee7430d16814f896bdc8f1ee2bb1f2,2021-05-30 03:11:40.289362
Alexander,Hogan,ahogan@hotmail.com,ix1bw{2-,826c4e4230317ffd4b44c79ab373b33dc71753a9e3288e7165888f32a2a78892,2022-08-15 00:58:43.602335
Thomas,Smith,dataquite@hotmail.com,?z5(>4xo,e2053af892e4fe49dd410990425f744a6e66d4a5b3477b22b900178768e18517,2023-05-06 04:01:21.448167
David,Conley,dconley@yahoo.com,Lg!8bC!8,425405d3c32c733f3b305687879c6b55be95696c12d6541b12949f1f4bbaae3a,2022-05-04 23:30:20.013976
Emily,Daniels,emily.daniels@hotmail.com,@WvTmn;1,942d49a396a8bf514d9c80d2d1fdd114f943e9e35cdf49c3789206b35a0dc6dd,2021-09-05 18:45:28.978729
Heather,Stone,medicaleight1@outlook.com,qCbxi$3A,68065fc4970422a30a5da6ffd6df7fe4a7a3cda162ca7858c1c2efe63a9ec8cd,2023-09-29 14:20:34.948483
Tracey,Lopez,traceyl@gmail.com,ExSpJ}m2,1d586c12cb2f65c3cdc6191408b24145e47fab8b1707281142fdcf88e6a94901,2021-04-04 07:43:42.615384
Ruth,Avila,ruthage860@aol.com,L$VfIXAj,bfe3d7ab76acdfaa29cc4bc8a71099eb385ed3e60da88def313e2e59a7a16292,2020-08-10 05:37:28.367299
Thomas,Davenport,thomas_davenport@gmail.com,SS2BbG2W,853d9160af06f2df23989a53738ed4d22db653ca9a2f7a911a15817282efc4c9,2023-12-09 19:31:04.987227
Jaime,Wolf,jaime.wolf@gmail.com,XYi4N))Q,812fc4147b38fbfc751296781f54dc280ebe4715ff6b0eda5ebfc9fbcad38945,2020-08-15 05:41:31.083819
Dylan,Martin,dylan_martin@gmail.com,j1SOEY_v,b1e1fc227a133c482202ecc0999efe5e0884bf9d1ee7a73c8618f74317e106d7,2022-07-15 10:31:54.348252
Kimberly,Walker,kimberly_walker@aol.com,XwW^rUeE,2ed1a49c20f0a912c62e3b73c1976eee4281962d6a621ce9cc173e49b7dd74b7,2023-04-06 09:28:44.169332
Amber,Bautista,amber.bautista@yahoo.com,n%mCtq3R,be93fd8df385be9f146d60d1ac9df5cfe01c3422a0d5ebd159b8d87a6748c12b,2021-02-05 14:02:24.380570
Christie,Vincent,christiev6@gmail.com,(qVeoUE$,c6beccd5eb22ac381bc9f3e851a09503dffccb1af0dcdc593d9c954a65fb33a1,2020-11-12 14:02:44.194067
Linda,Johns,linda_johns@aol.com,);RwaUva,06e5b4092d1a46e245c419c775268f23eb4cfc8571ff1886c810d1d520abe71e,2021-09-12 18:36:18.401202
Christine,Fuller,cfuller@gmail.com,}IaLb!(f,2a48031cd649d1357b792dd4a2c1f23f3913bc0462abc25258c197434ac9e56b,2022-04-09 21:26:44.233452
Francisco,Flowers,fflowers@aol.com,+-[rL9Ye,c82fbc4a620411a99944728d2b8841d14707c1cf33a8a1c25bf63c204c3f42ec,2021-07-04 17:23:08.541327
Kimberly,Flores,kimberlyfl@hotmail.com,)W@5F90Y,b1fc259ab2a2b830561c8b3e5a1372b1fbaa9c85a9985b55c940326567b0c9d8,2022-06-16 15:28:30.167878
Heather,Stone,heatherstone@yahoo.com,b]k)I4ip,db86a796118f9e61687ba2db9a84ef72dc6710cf1a18358d22e7f3c302179449,2024-02-09 02:12:50.962389
Kimberly,Hughes,hughes.kimberly@gmail.com,Qdrb#{:%,482887f36fea368118082e2f007691f7a0ac768fc55a5aa4617bd174d2e8c2fb,2023-03-18 17:41:19.332832
Eric,Joseph,erictogether92@aol.com,:Os4_b*&,f1123316034f6da697601b0a8f9e5f771d5170fc22798639dbafe64ec2fbca70,2020-12-11 10:23:39.283053
Kelly,Bryant,kelly_bryant@yahoo.com,M:lW{n|T,057ade2ef3f990ffe904be2babbee0d0265a5d904b82035b78b70cbd88c8ee0c,2020-02-18 22:35:08.816011
Sierra,Baldwin,sierra_baldwin@yahoo.com,KbS=ra6s,3619fe374e9ab16735186aa71756985d927681d96702df806ffc92238d4ba099,2021-07-02 00:42:14.631902
Dwayne,Rojas,dwayne.rojas@outlook.com,UA1-3j+z,82d8f7c2dadc478dfaa4aaa09b1163c0c9eba31f2a6cefef794ad04af9dd094a,2021-01-15 12:34:16.611387
Colleen,Johnson,colleenjohn@hotmail.com,q.ZfKd2U,5de2d1b389585a32b80cbe9f40c57fb58f3b4e84bcc87a835c1978417b23c60d,2021-03-22 04:55:53.451327
Carlos,Ross,carlosr@gmail.com,v[k3rj#R,562540ae297eff509e5a11a850fc27ecaa7e93d8eac117502b62c3bcdfe37450,2020-02-14 01:45:57.825886
Cynthia,Cooper,ccoopermay@yahoo.com,V-:Byw^1,10969b2c0c58599eb96daacb505a146f102d0b15a667538bc14aad5a505eaadf,2021-08-18 10:37:07.924445
Danielle,Becker,danielle.becker@yahoo.com,wiSI>Lde,18baa098103504f434287bac4b6e3be4f7c52965c5ef5918fd33941cf9ad3b0c,2023-03-02 14:32:42.305009
Shelby,Matthews,shelbym9@yahoo.com,08r}F*nJ,18a9fa578cb0d3595a3ecae0dbf291105a01124241ab5041a6f94a21cce774ca,2023-09-28 05:11:24.360637
Madison,Russo,madison_russo@yahoo.com,3a#1}F4:,3bc9389d4937c0b9e72832921e492ff89939d8316fa5a2d973995dec568f1af1,2023-06-14 13:26:55.985029
Elizabeth,Banks,elizabethb273@yahoo.com,Cw];eN3d,e9a80345e0d3b519123f12d245d97a37de78dd1a95c15ffbdf9a05e8d6b56ce7,2020-10-29 19:57:16.622776
Jennifer,Bradley,bradley.jennifer@yahoo.com,m:NgM!Vs,f697595f9c9b86b4e83c5d11648de0c23bb64d8a7cda123cd36cc92d93c6367b,2020-03-31 07:02:45.762354
Beverly,Brown,experiencebody@aol.com,:BJx@9Q^,8e017a46f23df31ff48ec7e2f603d3c920c2eda96f34989be284c9eb48a94ac2,2022-03-02 06:20:50.838964
Douglas,Sanchez,dsanchez4@yahoo.com,{D;I4Rbu,0343151864cd561db7518c3ee57a36c94a990b90916994e756db07f25e0234f3,2021-08-06 04:50:41.379343
Janet,Dixon,janetdixon@hotmail.com,J}p[}=&m,bc9e436d2ac9ac8314a73c2c3ba827843f693570240eb600b2d94e20198fa6d2,2021-12-01 14:44:06.090191
Sierra,Ray,sierrabecome9@aol.com,5Go3pY^u,da44e1cd171eb6a361bf64468ce46780d77263e1e16bb43bf6201d48930d078a,2023-04-29 02:56:40.125730
Jocelyn,Barrett,jbarrett@gmail.com,F]L4}Gqz,452ac316a8310eed89b35f3b773142a991023c1c27837d0c7ff29d51d7e8b0ef,2021-02-06 16:02:16.577135
Annette,Acosta,aacosta94@yahoo.com,*hwhLjdI,2e788cc80f20c5b509312b2d0429dc879bb69cf2fa803bb195ee0b5cdc081d43,2023-11-28 00:11:28.318486
Robert,Hurley,rhurleynot@outlook.com,x=_>@h%g,fed0691e8032fa1193169629b4f4f6ce1f7504779e96c3569c635b5aa48090e8,2022-01-21 14:34:40.387104
George,Manning,gmanning@outlook.com,VdXk#}Y.,e162736971af31f5f5252c9db2ed8bcc1ca533b6f2b3742cddc1888c2865af05,2020-01-10 04:47:18.210364
Jeffery,Williams,jwilliams@yahoo.com,gHR((Y;7,38fbd580e701fbe0a96c1743b3b3cc8cf5bf0d8c3513270598cd625795a68dab,2020-03-28 11:52:52.432772
Deborah,Christensen,dchristenseni@gmail.com,9o&OzFgm,520d61cb4f25f5ba358a22ebc3e3d62d0b526ecca39a6ed798ad0eed77c783fb,2020-08-18 15:23:02.580674
Joel,Torres,joeltown@outlook.com,xvM:30^!,f227c4d2dcd0a1902df8135571793f4b25446cfb8bc6e21cdc9a0fec182cfd8a,2021-12-09 09:19:04.148152
Donald,Jefferson,donal@gmail.com,M-}v1O=1,42e9b0e4613bd629c1d9ac77e484f9e76687e9c84e87553ea36a69258ab65eb1,2021-09-18 10:42:18.131034
Katrina,Mclaughlin,kmclaughlin3@outlook.com,4<ggjRd$,7b98618acd18cafe6c6f9575250e4ff7b8a4dcd69bbd8fa09e37c338c838fbc3,2023-02-05 01:35:02.396852
Vincent,Castillo,vincent_castillo@gmail.com,|G5Vwu8$,f09dae3cc5271fdd885e9b7d576caeb0488baa448de1de608ca416768b20bc0a,2021-07-19 17:33:25.763662
Theresa,Lutz,tlutz@aol.com,4+tJ2Nis,2e237cb6bd3901c137a67d8041acda768ce746398aa99e1650f437b72004970d,2023-07-19 15:21:21.983239
Jennifer,Johnson,johnson.jennifer@aol.com,+tMK;8&z,b1850ccbf0c1dbc85e5b2ff80b8f211cfdce940e1b40d3bfe77b4b5307b8dfb9,2021-11-03 03:31:24.491844
Gloria,Maynard,gmaynard@yahoo.com,2OB0#XL!,a33ba0bd91070c2f058d51055a1b3f295c4cbb020982fcb2a91b3252a955a682,2022-12-16 19:08:44.519487
Sarah,Nelson,snelsonclaim@gmail.com,vT;Gf:QS,2fa7e0c3528137e9acfbe0731e22b009003ceac02d52eb76d8e8c75d1adfd828,2023-08-20 13:51:34.879061
Tiffany,Harris,tiffanylisten345@aol.com,$[!+z1fI,9c05f134df7b43e6352cdcd8effb633fab88687dfbe074418751f48862beae9a,2021-06-03 00:12:43.962950
Joseph,Lawrence,jlawrence@outlook.com,rfT[Z+8Q,822243262c12d5e2409ce83d1c775dbbf0ff0ce956d895c56fab1d4cb80ac1d4,2020-01-06 13:13:31.174523
Thomas,Anderson,anderson.thomas@gmail.com,9(GFcXuG,391af18ee0ef40b5f02996519caaa3633bc5c33035f54c4a922f2a3b27279e12,2020-11-04 10:26:47.926679
Brian,Garza,garza.brian@yahoo.com,(r]29I<l,d5e46ec782810ca6e014782bbcea5a76615926dc4e4a0751fa7e9a50ba359ae8,2020-03-18 15:55:24.161213
Jason,Salazar,salazar.jason@hotmail.com,%kRxDH5[,9a6732e66a9eea84561e3559a5bc88e5b83b2fa5c5da7fec845fe347df2e67bc,2021-07-13 18:10:48.706806
Tracy,Wilkinson,tracyexactly66@hotmail.com,R3L44F||,64fe255a18d2c97fb03e2b629d9955cb36f535f8f85384d6aecaa74892426dd7,2021-10-04 06:44:30.424588
Madison,Spencer,mspencerwar@hotmail.com,SN5cXck6,4c002e25d6af1d9d3e4a0200e8c7a09de3a33f0a6123988dc9d3d545e7e1467d,2021-03-09 14:54:31.092681
Tyler,Thomas,tthomas@gmail.com,kuFFSxyY,e62a2b6b7bfb95dcb7ce06249f19da2b6cb42b61e88bb0e8feb431104c4098d8,2020-04-29 15:30:40.105069
Robert,Berry,rberry@yahoo.com,miz.J|Vv,9fc0dbe4088bb99a9eea20f4de9bee1d68a329ad64c638e114fa57a7f4b8752f,2023-03-03 15:43:18.478057
Malik,King,malikking@yahoo.com,BfrXWre|,f36ca0b64e36c3eecb7e3fcb9557bea361b98d812813c383487de95fbdce3b3f,2022-03-23 22:38:57.403958
Tara,Contreras,tcontrerascontrol@hotmail.com,fs?*-y#7,e18ee945ff92ec1f0e45f6326a92b2751591980c6348974568791797ac64ee14,2020-03-25 02:16:35.625878
Karen,Delgado,karendelgado@aol.com,VqjGB868,e5bf576e2f2d9fd83f1ec503aea30873d57c4cbdaf6a4466807bdf3a8964f9dc,2022-03-18 22:17:29.728489
Sean,Henderson,althoughand@outlook.com,G+RY{A4X,7c232538b1855f31170e6f307c2816ca6ae865a25af17dc095b54032ed591547,2022-02-19 08:17:44.738837
Stacy,Cross,scross71@aol.com,Edv}yN;w,e1603409f59098d91a2441ee131aee4518eb7a6f4025640aa46aeb7f518fe402,2023-04-04 08:43:57.804405
David,Peters,dpeters@gmail.com,Y8-?HCZM,9590172993628cf31163755b0b7714ec39d4925696d4168af72bf1fdf5e035c2,2020-05-11 19:51:31.684444
Heather,Tucker,heathertucker@hotmail.com,VJoBuxYz,0c18e8355764fcaa0a076023b4bfaba7fe0ac387a4007b5242aff7e451dc02db,2021-02-25 08:06:40.822806
Shelly,Wilson,shelly.wilson@aol.com,7$Ziy!FT,326916fd336b3a1ca0ad8ad15946a1b13c4b4f64d26846f56deb365e47d4fc76,2023-07-29 03:33:51.121595
Jennifer,Garcia,garcia.jennifer@gmail.com,;<%gM>*x,6ffffabc5b5af2870652efe4daaf29c587dddfceedbded0bf78aca7898da2085,2021-08-31 08:12:02.626148
Antonio,Sanders,antonios9@hotmail.com,Io>y6*ub,75c521b4de16175b27925f9cf0bc010abf1be8ca00deb1c370c73c2e4e637820,2021-12-20 09:21:51.043114
Robert,Harrison,roberthar@yahoo.com,>;Crzys(,b8b8be2c3173daa2f73a27a94fbe30eb579d8f696a309bce07c195d5bd16776f,2021-11-02 09:58:11.807891
Anthony,Gomez,agomez70@hotmail.com,Ab^kK$p0,8a05ea520ab99c436c6732c57abe3ca28210cb015f51b780a46c0bc3131fa1a0,2021-04-16 07:22:25.071728
Jessica,Richardson,richardson.jessica@yahoo.com,?h^h*2hc,0411f2940cf2fa71c959956e933c23a527b227d4168c90ef902e236feac7357d,2023-06-16 15:34:07.667326
Stephanie,Jones,sjones@yahoo.com,+tN+P=Yw,415691e95edd68d1849beaade733c22ee914fb303a0f672915ba4987a36c6dcd,2020-09-22 08:43:20.873560
Sean,Roberts,seannothing743@hotmail.com,ges:-Pg3,3790d2e21bc9b0444ce5fd149db3d3be234fdeabddd4087135ebd079e6502d41,2024-01-24 08:47:59.295503
Shawn,Hudson,shawn.hudson@aol.com,tL!daQM>,540007aa2ba34a9858ea3e095a054b98601c61cbc960c43c417afbe97668d4a5,2021-08-04 16:59:31.950239
Paul,Norris,pnorris@yahoo.com,sG^&89L1,d8579d6ae7463282af3f8098369b52567fd79d4c655c3a7f0db2c9aeacfb1443,2020-08-21 02:04:20.701257
Lisa,Martin,lisam7@yahoo.com,(xL]d{{@,d6aa1e920fd58c33b36a0f6c6efc478894ac0dd303b77a5249ac19d29bfe9d47,2020-04-07 19:34:28.640652
Amanda,Kaufman,amanda.kaufman@aol.com,O(HAwSw2,27e3c8a3165deea8d60ffe931a1fc8a4adcddd03a66b74037607f27e544abcf3,2022-01-24 12:35:11.321201
Michelle,Brown,mbrowntrouble@outlook.com,HMu@LpPP,bd43c7ad1e4b735877b7f714bc24723825ae3782baaaa0477350c77f9ecd67d8,2021-01-13 02:49:40.269624
Caitlin,Cunningham,ccunningham98@hotmail.com,a]]6c^i.,e5293f2d2eaede26adca34c8c0d129552dc68ef655e18d96f174d7739d60793d,2021-09-28 06:24:04.559986
Mary,Foster,preventrise50@gmail.com,DTr0Kk2|,3a1f58920fbbcf85672a50d2298a81b754073d71b37e34172e3ad8881937a269,2024-03-10 09:51:39.313102
Elizabeth,Ward,elizabethrest989@yahoo.com,Hr4*#z{F,dbc1cfae9cc06a1f1e5c45161e35291d3df974054cacba5e526901fe865788e6,2020-07-10 20:34:22.022941
Zachary,James,zacharyj512@aol.com,Xpj+QUJm,fbea120bb2f3519c0b413c2c7115ce893c24f0c1d0bec970744ab5fbbba4ae04,2023-10-30 21:32:18.882197
Charles,Eaton,ceaton@hotmail.com,>_Fbwy+f,7140a910b45d2f017a675633833fd9e6194ffa271bee6b4d2620f2dfe67bc1c5,2021-12-24 07:41:36.439037
Jeremy,Long,jeremy_long@gmail.com,k5?k5%rk,cc24e4d8c52d63cbe6e8be05fef3fc93180173a10fa22db3be8ecd229e502032,2021-03-13 02:31:14.966876
Nicole,Hardin,hardin.nicole@outlook.com,8vr.sS.W,7bc801167f097812869c1580eed181a3be72a612af6b703185a417a386aeb7bc,2021-11-30 15:47:35.774176
Patricia,Shea,patricia_shea@hotmail.com,l=|JO7@=,ea2d43c945d22cfb839999f7c8e32e99542019561b3311964ef2dfc7aac7d854,2023-08-07 08:53:21.923990
Erika,Schaefer,servicecost27@yahoo.com,S@uhmk#D,0addbd3df447d42afcd8e9fd7fcf83cf42cd9ffdab3b391745898c1017128fde,2024-03-07 08:00:54.164834
Ann,Reyes,ann_reyes@gmail.com,{*FnWQ#f,0df19bb98ad8a746d7679cd978264568054c571c89ec78c7fd6deaacfe83498b,2021-12-21 14:21:23.848015
Stanley,Smith,ssmithradio@hotmail.com,&!>%^1Eh,fc2d364f0b7afd9651100b3726ea036972b9bbdc9cc6276b8dd3a4c09d9500ab,2023-10-08 07:08:01.527081
Nathaniel,Johns,nathanielj42@aol.com,^R8-g1*1,deeb4e787649abc553aa5a32947a837f24b0fa675ba88be1227c800abd87ca19,2020-12-05 04:31:47.965611
Troy,White,twhite53@hotmail.com,^?3Mx+I@,0e35e3a7bcb7799b9daf69938b14052dc8dfbe52326351934c1b79f39a81d7f6,2023-05-19 21:32:48.258202
Ryan,Bishop,rbishopwall@outlook.com,0$9GtqUm,4c774373170e755661697bcedea2b1711a7a63afa0a30a84b73fecadacae385c,2022-10-26 02:14:05.399006
Lindsey,Davis,ldavis7@outlook.com,9SFvD!]{,237f1f19b06186067c0b8fa94689b5d5cf0235fc3979e07ce616d1d352bb1beb,2023-06-08 10:38:30.412626
Veronica,Jones,admitenough@outlook.com,G?7>utmi,f3e26f360badddcb2fc07610a77a21a45b5ae2110dc25e2aa1b660ddee44689a,2022-12-18 05:03:01.259563
Heather,Allen,foreignnote@yahoo.com,DAAOwBFi,dd43655cac4d8b92efe7a244443db6ca49b8f9a250b4370be5c71e7196966ae8,2022-07-02 22:30:03.460042
Ashley,Marshall,amarshall57@outlook.com,{omPnqiB,89d4e541a2997d7ff3e1efdacea51cc7075222e9b74f9e586e51ee391fa447da,2021-04-20 07:16:30.815014
Jennifer,Giles,jennifer.giles@gmail.com,n$F|PmOB,c1ca665d1e1c49e3c0ef8af21bf990c31199ffba81dae82ee3c69e7e821a1a80,2023-09-17 02:23:38.594365
Charles,Henry,charles_henry@gmail.com,J&FU-%W#,5d34feed01119a4928f1dbe81cd847834b32937efa3d8db15f1bb48bc78b45a0,2023-08-28 18:10:08.110515
Stephanie,Rodriguez,stephanierodriguez@yahoo.com,b}QX_>eE,fd1f8cc7c10f4030f45e3f4710250d07e55dbd294edf31a5b5c57e8e517817f3,2023-11-08 21:23:36.011042
Danielle,Pierce,danielle.pierce@outlook.com,f%zl)u9c,30df048fd7d63be696365e5f95e187f09a9cf565fbad114a25c694b9f3862b09,2021-06-23 08:52:07.117992
Mark,Wilson,markcollection835@yahoo.com,lhYU9<1Y,bff9971ad18056fdb5c3b9cb0534a0331e6ebe18748345f056ce22f457f8d180,2023-12-11 03:35:16.768811
Raymond,Russell,raymondelse313@outlook.com,*!kd.Wcf,b4973bfcb327c01a9c2beb45474fe98572ae5f0bc91d6be407d7be712dea8034,2023-01-21 09:38:41.406140
Jonathan,Smith,jonathan_smith@yahoo.com,t*5?Y>K$,3b73f9c992509907cf151fd5cf767c95da250713c40e133df92da71e10be9aa5,2023-05-02 06:24:37.145343
Cynthia,Mooney,cynthiamo@gmail.com,[J=zU-vg,8a1199ba4524b698726452319af951a88565b7d9618f42098b54f20bcbd4bcfc,2022-03-08 19:52:40.059614
Cathy,Smith,csmith@gmail.com,S_@sxqp@,391638cdf32baa802b74b99571c598521b373c56bd1612a9dfce97de1dcd385a,2023-03-13 00:52:02.476402
Jessica,Gonzales,jgonzales@hotmail.com,xb3$eLAA,2c04d249c4e578f7d45c1afd8a0b25405f4913251e7d6ad667d767d342bb03ae,2022-01-29 23:19:34.547369
Richard,Sherman,richards629@yahoo.com,B[S+B>cj,9eb12b69624cbc49cc30430fe24c1709813610726c0cac106d2088fe9a15909f,2023-10-09 12:48:51.876840
Dennis,Jenkins,djenkinsless@yahoo.com,)#f#ebX@,7d40c51f0d3a4c600759621448dfcc40aff4bbad14d4a292d40d12deb4938134,2023-02-14 02:17:11.559005
Shelly,Vasquez,shelly@gmail.com,uraI8:K%,89dd115cdff5562e1a078c74a4fc2d112eb74b05643d077e2cd691c3cb72101e,2022-07-01 07:15:56.700485
Ethan,Riggs,ethanhuman@outlook.com,0hY0w{B!,5a1ef6502670ee94012c8679a86bff7561164c35f361b6a253ddbb703c116dae,2021-04-30 09:13:48.436772
Phillip,Gray,phillip_gray@gmail.com,J<pgGn97,5af502c79de63ed94a400ecfd360f9ea54f23a6302435b14b1058ee9a4a7d109,2021-05-16 13:18:22.206594
Rachel,Curry,rachelc503@aol.com,wzPI_Q1p,a1241a983eb22210379ecd245d751bf22ff44adb73985055c49673b7d837880c,2023-09-21 17:48:52.011619
Kathryn,Garcia,kathryncertainly27@hotmail.com,ny0pfTC{,9c567df0bd8abef83247b89c20d15f59bc14a8bfa374d036b0aba6efe50f6ccc,2023-08-28 16:15:16.906049
Aaron,Hall,ahallamong@hotmail.com,4xfuFj.T,dbc2e153d63f62d98dd3d8248009058cdb64efb4c5abe9e0e1571ad955b43462,2024-02-06 05:08:33.288765
William,Powers,wpowers@hotmail.com,CL%5Iv3?,46daa8c9e2bbe1e36672faa58de44ee62e51a276d14bbc6b39e06fc09664892c,2021-02-25 05:27:01.771820
Tyler,Wagner,twagner@outlook.com,Ce!I=nw0,92b1b81cecf9f6ba2edaa23669f6cf056d371e534c08607ec667a0595127df71,2020-01-16 13:29:14.287328
Robert,Mcgrath,robert_mcgrath@gmail.com,$-.{35Ci,7cff73255c1ed44141c67083c2a7d2a687dfd36326fff92ed1da893945952eef,2022-10-25 14:57:22.434368
Edward,Gomez,edward_gomez@yahoo.com,x)8|e<)],a385e710d38fb57588fac661f51e6270ff49a842e43437a0beebc7c9b5a5d935,2020-05-09 07:52:15.021629
Jessica,Gentry,jessicagentry@yahoo.com,}6K(@Wr7,35fd05a7ccf9fc4f9a5ccae49c2f7fd7d6dc60626451afac8a0c5a40f4aa87dd,2023-02-27 16:00:02.255425
Sean,Carter,seancarter@yahoo.com,pRDO]fv[,71b454c1086ddf7ce8c1abc7d733ae9ac09da594d3e6755dc2305c1ce28516bc,2022-10-24 16:23:10.213122
Cameron,Parker,cparker@outlook.com,?Dd-5v0U,4778142dafa7942e401023d7c80d58fad7acfe3ee2049e0ca17bb0dbf1b14a74,2020-07-14 12:28:29.587714
Laura,Anderson,landersonfew@outlook.com,b8O!VS2<,e17c91b7e317f68641fd064f0d54a2b60f9079e7eefe840aea0e6bd925ae9d58,2021-07-22 12:07:55.730756
Melanie,Collins,mcolli@aol.com,q)i].3vj,622cae69b49a5957a4b1e223eef0c4a7d6ace0196dedb35bc46be96274969fd9,2023-07-08 15:26:26.041212
Thomas,Levine,levine.thomas@hotmail.com,&uwK?2jO,d9c0670bc0f031567a903e80868a86536344e060436ea73bf8afb01491955a33,2023-12-22 06:11:50.070613
Sabrina,Barnes,sabrinabarnes@hotmail.com,0n}{Ksza,48f4468e09d0cb97923734a8ec11d0b89d09222e60ad7714f52e4b3009febe3d,2022-04-22 13:43:53.270729
Charles,Frederick,charlesf2@gmail.com,a:;H}w%4,06f4c969aa59ae51e11dfd5dfc5719e9c2f304995f9e95c99b1936f430051c47,2021-01-18 06:41:23.571962
Kyle,Yates,votejob9@yahoo.com,3p%uG7j{,0b2fe308d3c925b5ac5e489725b44837e5478a138890bcb8bef81f930a2143d2,2022-09-28 03:13:56.501600
Michelle,Ray,michel@yahoo.com,FB1=RiNg,ffbbc6db1dd70988be3821d4bd7ac5f5a795023b04e492e7a4ad35946a4a2330,2021-02-05 08:16:41.072299
Michelle,David,mdavid@aol.com,8(=+6VMo,68d167ae0b0f6208c2ce1b0aee6758a27f5fb7f93592035c2121186c651e82de,2022-08-13 15:29:19.460579
Joshua,Kim,joshuakim@outlook.com,_@H)=W{n,9b1850d58b2651604f2c8e5c448605641ffc61466941367745f9695810147a0a,2023-07-13 13:09:58.435632
Sean,Hamilton,seanhamilton@gmail.com,xe<:$.9f,61984aff366bbe3ade1d499657822848f43bf9bcbb61c41a24e00636ba14c22d,2020-02-11 18:22:15.411243
Henry,Humphrey,hhumphrey@yahoo.com,Yrt3E!w_,eeac116b1caf755885b826cf85d6510a6726373a7ac46596d44597276ad62a6f,2020-12-30 03:26:24.660714
Robert,Blake,robert_blake@gmail.com,+gqrbu8s,e3bb6c073996d2a0ae040c62f342c896fd3f2e1c1de5abf828282e8618432dfc,2020-12-13 12:34:19.571270
Sara,Keller,keller.sara@gmail.com,VFdK{1&c,a4c3aa620934118524540ae3b446e2fd59212bbabb5e66795dab19629dc1ff95,2023-02-11 03:40:33.441788
