first_name,last_name,email,password,join_date
Robert,Meyer,robert_meyer@outlook.com,^+K9k9cF8v,2022-09-04 23:25:01.566662
Jason,Scott,jscott@outlook.com,+j+6Crx)bf,2020-09-23 04:23:52.565831
Shannon,Durham,shannondurham@yahoo.com,^c(K$0yQX1,2023-09-24 07:22:58.174913
Benjamin,Mcconnell,benjamin.mcconnell@outlook.com,_5xPFsY*TD,2023-01-25 22:07:40.097377
Elizabeth,Schwartz,elizabethschwartz@gmail.com,J13HiooM_8,2021-02-07 13:34:57.096262
Jared,Mitchell,jaredmitchell@hotmail.com,g!p10CBu)6,2020-11-21 05:39:22.906579
Kristina,Baker,kristina_baker@yahoo.com,$t1RsaW0T$,2023-04-21 13:15:08.997050
James,Beck,jamesb@aol.com,_@lV1Gvn00,2023-08-27 00:51:45.114978
Gloria,Sanders,gloria_sanders@aol.com,%Y2bjdLg&+,2022-08-15 05:30:25.727014
Elizabeth,Miller,elizabeth_miller@gmail.com,%Lcf0Knn7q,2021-09-23 00:04:43.627834
Danielle,Payne,danielle.payne@aol.com,&KOCblwz3_,2023-09-01 05:20:59.544272
Shawn,Harris,lawyerdo5@aol.com,%gJMx3l)G3,2023-02-28 06:10:07.150593
Patricia,Perez,controladd25@aol.com,)8VZHqq5n(,2021-08-22 04:08:06.601469
Ronald,Campbell,rcampbell@hotmail.com,@9OBg^o%2!,2021-04-07 20:53:47.713254
Patricia,Romero,patriciaromero@outlook.com,33n@7GXoDY,2020-07-26 02:54:18.981524
Christopher,Perez,cpere@gmail.com,&EYg0BNvrs,2023-03-28 23:37:09.322713
Kathleen,Allen,kallen37@hotmail.com,YZ#FnVMv&7,2022-10-31 17:39:32.043372
Michelle,Williams,michellewillia@hotmail.com,uR2XNlNbk),2020-09-10 23:05:11.436504
Amber,Henry,henry.amber@aol.com,!t$f1yBl9A,2021-03-27 12:53:04.187634
Brad,Hutchinson,hutchinson.brad@aol.com,GN2wMOZy(_,2021-05-04 19:18:53.875207
April,Cisneros,acisnerosbelieve@yahoo.com,%$8Sddj*Y9,2023-07-24 19:24:14.103954
Stacey,Dennis,sdennis37@outlook.com,h1gGmgyn&7,2021-11-24 00:54:20.037859
Heather,Williams,hwilliams@outlook.com,z*8@6Lyt10,2021-06-27 01:42:10.209510
Michael,Morales,mmorales8@hotmail.com,sG8VqM*Qm@,2020-03-28 20:56:42.318993
Barbara,Horton,bhorton@yahoo.com,8%62YRWlir,2024-01-09 03:11:21.789369
Melissa,Roberts,melissa_roberts@outlook.com,^z$q4QbXy!,2022-07-16 23:07:27.055796
Danielle,Ayala,daniellestyle1@gmail.com,(2aQwaxpGK,2020-10-12 20:56:46.445995
Christina,Kim,christinak@hotmail.com,wjHZatzg+1,2021-01-17 22:21:46.775373
Kathleen,Hicks,kathl@outlook.com,!l0B)t@rD^,2022-09-15 21:58:29.090896
Julie,Davis,jdavis876@yahoo.com,o^5HQCVi(M,2022-03-04 01:28:44.487060
Whitney,Branch,wbranch@aol.com,(C(zwThs1J,2023-05-12 10:04:30.060816
Sandra,Powell,sandrasense470@yahoo.com,*gN1ODk^lL,2020-10-29 22:29:13.418344
Jonathon,Williams,jonathonw@yahoo.com,44Po+iWY*F,2022-03-07 14:34:57.911469
Ethan,Brown,ethan.brown@hotmail.com,_DDNH9j86%,2021-02-16 22:36:53.677888
Alexis,Edwards,whethertraining4@gmail.com,%45Sa0xFS4,2022-11-14 21:03:22.064275
Shawn,Carroll,scarroll@outlook.com,7%5V4RyF@M,2020-07-16 14:02:46.503153
Sara,Robinson,robinson.sara@outlook.com,V#$B7uVjC5,2023-08-13 01:22:09.807568
Angela,Chen,achen@aol.com,1bI_Rga!%f,2020-09-27 06:01:37.702742
Suzanne,Anderson,suzanne_anderson@hotmail.com,8!9qCpp%%8,2020-03-15 03:47:19.703264
Samantha,Lindsey,lindsey.samantha@yahoo.com,Es0zlITz_$,2020-06-30 18:29:17.294137
Joseph,Patel,causescience80@outlook.com,CG1qCIki#0,2021-05-24 23:27:12.116688
Derek,Holloway,dhollowayteach@aol.com,88GrVlpH+!,2021-10-25 03:45:42.320532
Danny,Logan,logan.danny@yahoo.com,@^Y!Q64us1,2020-08-08 21:02:24.833710
Richard,Thompson,richard_thompson@aol.com,)s6%20OkXC,2023-10-03 10:14:09.485738
Randy,Allen,lowkey4@gmail.com,OB!5PovAGe,2023-04-20 13:04:05.859411
Stephen,Garcia,sgarciatoward@aol.com,*Ck%Yw^hn2,2021-04-16 09:25:05.929241
Charles,Bradley,charlesbradley@outlook.com,&$!9ERBnr5,2023-03-26 03:31:21.002370
Veronica,Mendez,veroni@gmail.com,*m5m9UPmhL,2022-11-01 16:40:17.424160
Adam,Reed,adamreed@outlook.com,y)6Iy$r5#V,2023-12-12 06:13:29.729034
Steven,Solomon,solomon.steven@aol.com,!4p3_ZxzwR,2023-08-08 02:43:51.975437
Michael,Finley,mfinley9@yahoo.com,!UNNdC&@5s,2021-03-11 01:57:48.727672
Michelle,Franklin,michelle_franklin@aol.com,wOY69Ybx_9,2021-12-11 16:01:17.841781
Alexis,Martinez,amartinez814@outlook.com,9%5Cuq#E&Y,2021-09-20 15:24:22.296944
Brent,Pham,brentthree11@outlook.com,j)W9H(^qeF,2021-04-26 08:27:50.868874
Rachel,Campbell,rachelcampbell@aol.com,uQ$k4PBw(C,2021-07-22 22:17:12.563794
Jacob,Poole,jacob_poole@aol.com,&_0KYjc5j6,2022-06-01 12:23:50.810013
Michael,Foster,michaelfoster@gmail.com,3Fwz(TTj$L,2022-01-07 08:55:22.177370
David,Miller,davidmiller@aol.com,+w0*IUd0b@,2022-11-22 21:36:08.435013
Mario,Evans,marioevans@yahoo.com,$3v#QDKmuP,2021-09-20 19:59:49.745669
Franklin,Delgado,franklin_delgado@yahoo.com,Dv_3!qUohq,2024-01-27 16:22:33.642461
Gregory,Williams,gregory_williams@outlook.com,r+9UT2&gF&,2021-11-24 17:40:49.401025
Emily,Martinez,martinez.emily@hotmail.com,@l%EEp3m7c,2022-10-19 06:05:23.039401
Miguel,Wallace,mwallace@gmail.com,k#4QIOek2#,2023-05-02 11:31:12.372311
Garrett,Macdonald,beautifulcharacter@aol.com,9YSIf6tr%s,2022-10-26 20:14:35.778644
Kellie,Cox,educationbeyond52@aol.com,f(x8Eev!%+,2020-02-18 16:04:41.486871
Zachary,Lester,zacharylester@yahoo.com,+o7#aG^a#@,2020-10-27 06:21:20.886060
Barry,Morgan,barrym@gmail.com,7VQS*3Fih(,2023-08-14 19:35:51.857890
Lynn,Johnson,ljohnson@yahoo.com,46Mq6Kvx&v,2020-07-06 11:03:19.708023
Jeffrey,Dickerson,jeffrey_dickerson@outlook.com,eK!8JSGsun,2024-01-04 17:44:27.606522
Amanda,Strong,amandastrong@yahoo.com,d^C0FNo&$0,2023-08-16 02:19:28.905261
Tina,Carr,tinaeffort29@hotmail.com,RvH)q7Su)6,2020-10-01 02:14:13.540147
Angela,Banks,angelagovernment53@yahoo.com,+LqsNUW@u8,2020-04-13 12:24:48.624328
Timothy,Carter,carter.timothy@yahoo.com,8tG3gj)e%d,2020-04-19 20:09:02.679569
Glenn,Harris,glennharris@gmail.com,_S8&tYuk&g,2024-02-23 00:32:26.010592
Rebekah,Allen,rebekahallen@yahoo.com,#YGTe5ca36,2022-10-19 15:49:42.182826
Lindsey,Torres,ltorresstock@outlook.com,*1R0qz*q&P,2022-07-25 22:48:18.910773
Malik,Lewis,mlewiscase@gmail.com,37cG&eq2@7,2023-06-17 20:39:39.915455
Tyler,Peterson,tpeter@hotmail.com,E53OHLuC+Y,2020-02-19 01:53:40.106671
Jennifer,Tran,jennifertran@hotmail.com,8!3IthA8f8,2023-09-22 21:16:14.733899
Brian,Smith,briansmith@hotmail.com,h8uH3OK5_d,2021-05-19 10:29:00.002874
Dawn,Myers,myers.dawn@hotmail.com,qRx@3VhbF8,2020-01-04 12:17:18.688961
Justin,Mcdonald,jmcdonaldmeeting@outlook.com,Lr7xzI)s%f,2022-05-13 14:00:31.789811
Jeffrey,Adams,jadamsherself@outlook.com,(fTj5Hkfmm,2020-03-31 16:18:47.900971
Jean,Zuniga,jean.zuniga@outlook.com,&6PXeB(ccQ,2020-06-07 04:47:50.984164
Kimberly,Jones,kimberly_jones@outlook.com,6F92WBvb@),2022-05-19 19:42:23.118637
Paul,Gay,paulg@hotmail.com,O8D4n1rz%%,2020-09-14 06:13:10.062625
Cassandra,Powell,cpowell5@outlook.com,*j5&ZyDJUa,2023-08-04 01:12:44.251088
Jessica,Taylor,jtaylor@hotmail.com,g6NJeWok**,2021-03-21 18:33:50.084492
Joseph,Fuller,jfuller@outlook.com,2yC4I_pl!3,2023-08-22 01:29:26.061191
Debbie,Roberts,debbier@gmail.com,#a2XxmtCWc,2021-11-29 00:37:53.605666
Jacob,Obrien,jacobo7@outlook.com,I7FUDu$W)x,2021-11-07 01:48:09.648053
Corey,Lee,coreylee@hotmail.com,jLk087Lw)^,2023-07-12 18:04:20.697147
Vicki,Ross,ross.vicki@aol.com,2(ql6Qv^#Z,2023-12-17 00:22:39.463391
James,Campbell,jcampbell40@hotmail.com,6_eHaz+y$4,2022-05-08 05:44:44.612495
Victoria,Brady,brady.victoria@yahoo.com,%AK0C&dBm_,2020-07-09 06:44:37.282347
Robin,Thomas,rthomas@aol.com,b+4W48nP8B,2020-07-08 02:10:51.754030
Travis,Jimenez,tjimenez@outlook.com,p#)#8+Tdk$,2022-12-03 12:21:30.021286
Tammy,Moses,tmosesrich@hotmail.com,@A05X3Kzlm,2024-02-28 05:54:07.244128
Thomas,Glenn,thomas.glenn@aol.com,2ff7cZTXl(,2022-06-17 06:29:50.388638
Brandy,Hall,bhall23@hotmail.com,*9aM&Jovt1,2021-03-30 18:48:53.432707
Michael,Love,michaelrock596@yahoo.com,Z^22YJfAqM,2023-07-27 06:46:23.839879
Lindsey,Lee,lindsey.lee@gmail.com,Xf8zIJeD0(,2023-03-19 16:50:01.980516
Mary,Gilbert,worldfoot8@aol.com,5@T1Kkd6T3,2024-02-05 07:45:38.348700
Kimberly,Rodriguez,kimberlymeasure124@hotmail.com,%oTzAyY#88,2022-12-23 05:06:07.558323
Kathryn,Perez,kathryn_perez@hotmail.com,f5s5gJVl@$,2022-11-22 05:45:05.224418
Albert,Hogan,ahogan@outlook.com,!P9EXF9btj,2020-09-02 07:30:29.723155
Dalton,Perez,dperez@outlook.com,*l831A+m&l,2020-11-30 07:39:21.185541
Thomas,Romero,thomasr8@hotmail.com,x6QxynNY)7,2022-10-15 11:41:33.437743
Sarah,Spencer,sarah.spencer@outlook.com,)q89^Apf%b,2023-10-29 00:59:47.281781
Michelle,Haney,michelle_haney@outlook.com,rZp$Hn(8^1,2024-01-29 11:02:06.695389
Jennifer,Jones,jenniferj@yahoo.com,8Y7aQjoc&r,2023-07-23 10:25:52.142759
Katherine,Gallagher,kgallagher6@hotmail.com,_b+qAIS$61,2020-05-10 21:54:09.008924
Angela,Medina,angeladetermine291@yahoo.com,l%I3mFf3^9,2023-05-17 16:32:53.296731
Seth,Hancock,hancock.seth@outlook.com,*Y4YhCb0I9,2021-08-21 21:14:11.933105
Christopher,Barker,cbarkergun@outlook.com,*A*W+qVmE1,2023-12-24 02:42:33.560877
Judith,Nicholson,judith_nicholson@outlook.com,8U^1XFcdj#,2022-11-27 07:11:10.746975
Haley,Fisher,haleyf556@outlook.com,+PK3jqP16e,2023-04-25 20:34:16.277736
Janice,Harris,jharrisunder@outlook.com,+D3g*TIh^z,2022-01-05 21:00:54.226884
Sarah,Rivers,sarahrivers@gmail.com,^LVoGd+J4(,2021-12-09 17:46:02.347406
Christopher,Choi,christophercold85@aol.com,KSh7KsxC@@,2021-02-25 03:12:01.246320
Donald,Holden,donaldhol@hotmail.com,39I$6pDk&4,2021-11-03 01:52:25.705877
Vincent,Turner,vturner833@outlook.com,#1&G%ke&jh,2020-05-02 08:49:20.758500
Kevin,Grant,kgrant@aol.com,7kZ0YyDH%q,2023-01-26 15:47:42.913913
Connor,Stuart,connorstuart@gmail.com,!hSl+BRrk1,2021-02-27 12:18:06.362280
Kenneth,Hickman,kennethhickman@outlook.com,$m0FJwoyc#,2023-01-18 06:13:22.919289
Shawn,Freeman,shawnfreeman@yahoo.com,JLP1bSic@_,2021-03-16 01:18:39.347341
Randy,Underwood,randy.underwood@hotmail.com,%XCHkcoNs8,2021-11-10 02:14:37.218507
Cindy,Flores,cindyflores@hotmail.com,Rg55DZl^t&,2020-03-15 02:26:27.505255
Mary,Montgomery,mmontgomery59@outlook.com,_Q6Y!Ndm+B,2021-07-18 05:19:28.603265
Dawn,Rodriguez,drodriguez@hotmail.com,4*4JI%2$xw,2022-12-16 08:47:33.329648
Craig,Reyes,craigeight@gmail.com,2l(0KxM_H(,2021-12-24 03:10:40.389927
Eric,Walter,ewalter@yahoo.com,jB2YTBp%F*,2023-03-16 08:03:06.839713
Dawn,Evans,dawneva@gmail.com,)yJG#WhT61,2023-04-09 19:08:31.350005
Amy,Hines,amyh@yahoo.com,%&Kly)Q(#8,2021-08-15 07:49:22.946053
Leslie,White,leslie_white@gmail.com,*9!^!bO78n,2022-05-20 07:09:01.169006
Holly,Patel,hpatel@outlook.com,m3W#8JbsS9,2024-01-19 17:27:33.223480
Sherri,Gomez,sherrigomez@aol.com,(0PtK4X(T5,2020-07-22 16:55:11.820006
Brandon,Ingram,ingram.brandon@yahoo.com,X(5T+3%rD0,2020-10-23 19:34:25.975393
Yesenia,Gardner,yeseniag2@yahoo.com,)6HXR_EM$d,2022-01-05 21:00:10.191899
Joseph,Cunningham,josephcunningham@aol.com,@61ZWBSKpt,2022-02-21 05:34:56.949200
Justin,Thomas,jthomasdecade@aol.com,ZR7WNEBv(h,2020-03-15 08:07:49.721730
Stacy,Lopez,stacyusually40@aol.com,YyC)$1XrmH,2020-03-09 17:07:14.013298
David,Ball,davidball@yahoo.com,Su_3fCsk%(,2022-11-06 22:06:35.713746
Timothy,Chaney,tchaney8@yahoo.com,oJNoGEgn_8,2024-01-02 10:52:23.637485
Kathy,Hudson,insidepainting55@hotmail.com,+Q#tZWU2v6,2022-12-16 05:06:17.555739
Mark,Lane,lane.mark@outlook.com,#2HwL^S9NT,2022-10-06 11:12:53.874848
David,Myers,davidprotect272@gmail.com,d^2x!QXeq#,2023-05-27 05:53:30.860330
Debra,Price,dprice@outlook.com,E3YfIJkz+Q,2024-02-26 18:02:53.076751
Nicholas,Morales,nicholasm78@aol.com,*1pTfrxBT2,2020-01-23 07:49:50.243507
Lori,Larsen,lorispeak@gmail.com,hqso4U2fs@,2023-03-31 20:49:04.292102
John,Jones,john.jones@yahoo.com,v@60B7UnAm,2024-02-25 16:07:44.721333
Jerry,Scott,jerry_scott@aol.com,14mg5HRk&E,2021-09-29 00:34:52.450772
Carla,Jordan,jordan.carla@hotmail.com,L87&IJVg!@,2022-11-15 11:22:52.149346
Alexis,Ryan,alexisr67@hotmail.com,54zAs@lm@n,2020-01-05 00:58:27.908800
Tanya,Holmes,tholme@outlook.com,WxG$2SLjD(,2021-11-25 21:00:09.196105
Shari,Foster,sharif550@hotmail.com,T^92PWquBv,2020-10-08 08:03:19.754387
Jenny,Lara,jennyeither658@hotmail.com,g76NmhTj@S,2022-12-10 19:06:50.606563
John,Whitaker,johnwife844@yahoo.com,f$pyC9Wu^0,2020-09-15 16:16:44.192895
Craig,Quinn,craigq930@hotmail.com,O_35GWsi8B,2021-04-28 20:34:45.183817
Bryan,Chang,bryan_chang@outlook.com,t5oRor&H&D,2023-08-02 01:13:15.664399
Mark,Stewart,markstewart@aol.com,L$G9eRPbb1,2021-03-31 23:52:35.471692
Steve,Mclean,mclean.steve@outlook.com,PLsS_9Rpy$,2022-06-15 10:19:37.400710
Lindsey,Smith,lindseysmith@yahoo.com,$YuY*R6f62,2021-12-15 21:44:03.261181
Shirley,Howard,shirleyh80@hotmail.com,_BSM5bLHE4,2023-06-23 09:50:58.710215
John,Cook,johnc44@hotmail.com,Wy1KCIz@W+,2023-12-27 01:01:32.954574
Sharon,Brown,sharon_brown@gmail.com,9cwT5b@3%e,2022-02-26 18:29:22.668009
Vicki,Skinner,vicki_skinner@yahoo.com,A!9F#Ga*KN,2023-10-14 17:18:04.862231
Peter,Chapman,peter.chapman@hotmail.com,_+Aw6UlHPm,2020-12-28 14:27:01.514256
Heather,Rodgers,hrodgers7@aol.com,Z1XARc1n*d,2020-11-26 02:56:36.032198
Vanessa,Black,vanessablack@hotmail.com,e^8_jOHtj4,2022-01-28 12:46:40.830586
Michael,Jackson,jackson.michael@aol.com,r#K2@YndSO,2023-04-02 22:03:28.764109
Scott,Park,park.scott@gmail.com,&SqZJwmvS9,2024-02-28 04:45:48.374813
Tonya,Alvarez,talvarez97@outlook.com,*8FZ$H&k49,2022-07-10 08:38:53.058386
Lauren,Robinson,lrobinson92@hotmail.com,+7NHG9&AVd,2021-09-21 11:32:55.090521
Wanda,May,wandamay@yahoo.com,f8(FrVh^!I,2021-03-24 03:13:12.170804
Samantha,Wheeler,samanthawhee@aol.com,O7BmGEvr_a,2022-09-03 08:44:12.409756
Alan,Hodges,ahodg@yahoo.com,%8X*3Ewng(,2020-08-17 16:45:23.140321
Amber,Murphy,amber.murphy@yahoo.com,ktG7@0Qs$K,2020-10-29 07:23:02.230797
Joshua,Larson,althoughlife24@hotmail.com,bYcu*Seb@2,2023-01-18 18:16:11.164037
Larry,Garcia,larrysea99@gmail.com,^U3G@wJzM5,2022-03-21 08:10:08.942739
Brittany,Clay,stockafter@gmail.com,(XYu1aAZb7,2020-09-09 18:19:31.078752
Allison,Glover,aglover3@aol.com,)%7WFnqd8C,2021-07-09 08:13:11.846915
Emily,Gonzalez,emily.gonzalez@outlook.com,2v(RkCfN^),2023-02-20 19:47:55.193225
Nicholas,Pineda,npinedainto@gmail.com,sgs1tSSm4^,2023-08-27 19:09:59.662814
Robert,Brady,robert_brady@gmail.com,lvwPcODg%0,2020-11-20 09:53:03.764919
Sara,Potter,seasonball@gmail.com,x8cPJpAe!R,2022-06-30 13:30:34.574072
Mark,Lopez,officialair9@outlook.com,*17zDJf%a!,2020-10-25 01:27:19.055077
Francisco,Franco,francisco.franco@yahoo.com,kUK_8NfQqV,2022-09-01 05:52:40.506484
Mary,Smith,mary.smith@gmail.com,9vMxZ3JI$m,2024-02-20 11:14:35.642859
Janet,Nicholson,jnicholson@outlook.com,!Rf9RYmn*2,2020-06-17 19:55:31.777708
Timothy,Brown,tbrown@hotmail.com,OHr@7LIq4%,2021-10-07 04:26:51.970423
Jacob,Mckenzie,mckenzie.jacob@outlook.com,8FQn0l9c&G,2023-06-10 03:14:40.392307
Timothy,Stanley,timothystanley@yahoo.com,jx5ObDaz)z,2021-09-12 00:52:45.570636
Michael,Wood,mwood@yahoo.com,j)3EumtHAA,2021-01-30 17:55:41.579115
David,Carter,davidwrite6@yahoo.com,!u8W#Txk_N,2023-07-30 03:24:39.542924
Thomas,Arnold,thomas_arnold@yahoo.com,)s38If%M_&,2022-05-06 11:43:47.285924
Edward,Brown,edwardbrown@yahoo.com,^X6LcgwxbL,2023-02-24 06:06:18.171560
Thomas,Smith,thomass@hotmail.com,rE8pHSxe0%,2023-07-19 15:15:14.287688
Johnathan,Harris,jharris@yahoo.com,20(MdOFw!S,2020-11-26 11:24:52.602869
Benjamin,Hardy,bhardy@outlook.com,Q#&1E^hhz_,2023-08-09 20:02:28.632934
Catherine,Matthews,cmatth@yahoo.com,^2dG2Kln(p,2021-04-16 22:05:17.447911
Sarah,Munoz,sarahmuno@aol.com,PjB64M!sh^,2022-05-10 06:12:59.270860
Rachael,Phelps,rphelps@yahoo.com,GO9K2Ch4)h,2023-01-13 06:31:18.814319
Marie,Ferguson,mferguson3@outlook.com,z)OcVw4raW,2021-05-03 07:23:53.429477
Susan,Bell,everythingstandard@yahoo.com,7$6ISz0gip,2022-11-26 22:34:43.820724
James,Brewer,jamespopulation131@aol.com,#0NYW0&Lao,2020-06-29 12:35:44.401104
Evelyn,Buchanan,ebuchanan@outlook.com,CR!Yvf&o)8,2021-02-16 02:16:39.587812
Megan,Bennett,mbennettpainting@hotmail.com,x(3PEJBx*1,2020-07-17 08:14:11.475941
Jill,Mcgee,jmcgee@hotmail.com,+5O&qWQjJw,2021-06-28 18:16:18.586321
James,Coleman,jamesc60@hotmail.com,A!7TJkUi1W,2022-04-30 19:45:08.465717
Michael,Bentley,mbentley@gmail.com,#k^Gry2z+8,2022-02-25 14:38:44.817322
Christina,Castillo,christinacastillo@aol.com,9@%c1gkrvM,2021-05-31 14:18:41.422817
Paul,Fox,pfox@yahoo.com,E91LgV1y_3,2021-07-22 04:56:17.572767
David,Price,dprice@aol.com,#0ePbRyZ78,2022-12-24 03:30:45.471854
Lauren,Moore,moore.lauren@outlook.com,E*CwN#9h7L,2020-01-05 00:41:49.505063
David,Combs,david_combs@aol.com,Du)C5KXyWk,2022-01-22 03:35:12.094269
Nicholas,Nash,nicholas.nash@aol.com,^3jeOTnP75,2021-05-20 22:18:19.944988
Krystal,Butler,kbutler@hotmail.com,a9(RuopV#r,2020-01-06 16:36:07.489342
Adrian,Petty,apetty@aol.com,SUG@90Bn+8,2022-11-30 18:50:00.463303
John,Banks,jbanks69@hotmail.com,Yj&jLK3s!9,2021-05-03 04:39:10.507343
Christopher,Stevenson,christophersix71@yahoo.com,5Eq#TSyG#7,2021-04-29 03:35:39.804586
Kristina,Maxwell,kristinamaxwell@hotmail.com,lt1T(Gd*@1,2021-08-20 04:54:39.537890
Jeremiah,Lambert,jlamberthard@hotmail.com,%c94RMvp%n,2022-06-08 06:46:09.209738
Breanna,Robertson,breannarobertson@yahoo.com,i&65OJHzsr,2022-03-18 04:35:50.056127
Bryan,Evans,bryan.evans@yahoo.com,P9YveKmD+5,2020-09-01 20:10:34.288579
Kimberly,Mann,kimberlym@gmail.com,jFhM3BwF+),2022-04-13 05:23:36.526150
Alexander,Allen,becausetry@gmail.com,)@C514$jsB,2022-11-09 09:16:17.867088
Kelly,Copeland,kellycopeland@gmail.com,%7IBvlGrXB,2023-02-17 17:39:38.683755
Yvonne,Clark,yvonne_clark@gmail.com,zDJ9n5ia$!,2022-08-03 09:35:39.828902
Michael,Bryant,bryant.michael@hotmail.com,!HW4&*gL4m,2022-11-24 12:07:45.157972
Karen,Anderson,karen.anderson@hotmail.com,!4bd8U$pMJ,2020-07-16 16:34:56.344817
Anna,Hendricks,yourselfthree677@yahoo.com,$69oQZXZ@t,2021-02-05 08:14:08.356320
Vanessa,Roth,stageespecially@outlook.com,OP*4SPKpYT,2023-04-04 13:13:02.102976
Mark,Norman,mnormannearly@yahoo.com,#In(&2Bzh3,2022-07-21 05:25:26.314281
Joseph,Lane,himbest58@hotmail.com,Ba4JiyPwY_,2023-04-23 00:26:56.458856
Mariah,Roberts,mrobertsnews@gmail.com,1V9I6TxE$T,2021-07-24 22:43:00.527372
Daniel,Moore,danielmoore@outlook.com,&&OB65wA0D,2020-08-27 07:06:07.681011
Erin,Harvey,eharvey@outlook.com,uT!f91Tu3_,2022-02-22 17:17:45.886963
Marissa,Crane,marissacrane@outlook.com,20Vxh$Ag&v,2023-01-15 02:06:08.970723
Christina,Robinson,robinson.christina@aol.com,o$(O1FS#_7,2023-10-10 14:08:10.085609
Anthony,Vasquez,anthonyvasquez@hotmail.com,e1aheZm4)8,2023-04-06 17:03:58.017818
Joel,Guerra,joelwhose@yahoo.com,wO+Q1D3bNq,2020-10-20 02:53:40.304545
Anthony,Cox,acoxpersonal@outlook.com,Rp!Wke0l%7,2022-04-11 20:45:42.458587
Megan,Johnson,mjohnsonnumber@gmail.com,&60@KBblD&,2021-03-09 21:46:12.561153
Bobby,Rios,briosset@outlook.com,1cHMi5NX^H,2021-09-22 19:45:20.382198
Sheryl,Thompson,sthompsonresult@aol.com,R1k^HPhv^u,2022-08-18 14:59:46.732583
Travis,Hayes,thayesshould@outlook.com,21KHXFFpz#,2022-07-25 22:58:11.217071
Benjamin,Garcia,benjaminlawyer4@aol.com,^^Ne3$)u&D,2022-08-11 05:51:11.050988
Carrie,Schwartz,carrie.schwartz@gmail.com,4o7PJPBr7(,2022-12-06 17:37:25.382460
Patricia,Bell,patricia.bell@yahoo.com,27VbIpdy$^,2023-01-11 09:40:37.809611
Kyle,Robinson,krobinson@outlook.com,!bEasw8r&8,2022-02-10 12:51:49.274451
Frank,Harris,fharris36@hotmail.com,NvXS2F8u*M,2020-06-21 23:36:25.755873
Andrew,Nelson,anelsonenter@gmail.com,(w01x%Jenh,2021-03-28 13:56:39.233153
Joseph,Mcbride,josephmcbrid@yahoo.com,5v)94qGqwz,2023-04-26 10:37:51.112388
Brandon,Stuart,bstuart@outlook.com,!29sVrODRP,2023-03-13 18:07:45.597516
Matthew,Henderson,mhende@gmail.com,nvv+9G2oE8,2023-10-11 08:39:02.953407
Derrick,Whitney,whitney.derrick@outlook.com,_&$7X8xIXH,2022-03-05 07:47:42.085259
Preston,White,prestonw383@hotmail.com,&DY2oD2l31,2022-06-26 10:25:56.798021
Nicholas,Smith,nicholass@gmail.com,cj30SXFj(3,2021-07-12 12:05:44.764371
John,Lowe,john_lowe@hotmail.com,s)8^AhQitP,2023-03-27 19:00:35.610240
Philip,Brown,philipb8@hotmail.com,(83WOsHCa_,2021-02-22 12:36:38.300553
Jonathan,Ibarra,missscene297@outlook.com,@qsZxob(2h,2021-10-02 14:44:15.655511
Jonathan,Cole,jonathanfirst74@hotmail.com,%1Td5!NdBB,2022-09-05 18:35:48.913468
Ashley,Shaw,ashley.shaw@gmail.com,8NsxG5Vx9+,2021-03-28 11:58:21.924506
Joseph,Martinez,jmartinez@hotmail.com,%4rxpsQiqi,2020-09-30 06:44:40.897103
Michelle,Graves,michellegra@outlook.com,Q*4lY9%a^&,2022-02-14 20:28:19.851037
John,Suarez,jsuare@hotmail.com,_k_2sDzopD,2022-06-28 13:29:38.917109
Donald,Fernandez,dfernan@gmail.com,1+V7LZ2wRV,2020-03-15 00:08:42.411551
Emily,Hicks,ehicks163@outlook.com,%2UprVb0vx,2020-05-13 19:15:28.539400
Eric,Barnett,eric.barnett@gmail.com,@U4GJebi6l,2023-10-26 20:33:07.246448
Justin,Barber,justin_barber@outlook.com,I+Fi7e%owL,2021-02-07 01:08:01.425094
Dawn,Ellis,dawnellis@gmail.com,$j5aMzp)Qi,2021-10-17 15:08:52.744920
Helen,Jennings,hjenningsdrug@gmail.com,H$p2Nu*bC_,2023-07-26 11:34:26.535054
John,Conrad,johnconra@gmail.com,5pjo4Ux4((,2022-07-15 00:41:45.962871
Brenda,Vazquez,bvazqueztv@gmail.com,h^(5L)Oqxg,2021-05-01 13:38:26.652066
Dawn,Flynn,dawnflynn@outlook.com,pNoEdvno&7,2023-06-23 22:37:18.110877
Sarah,Thompson,sarah_thompson@hotmail.com,nvxGxtrL$8,2023-01-25 19:04:22.068528
Robert,Malone,robertmalone@outlook.com,+&zTo(g$10,2022-09-18 21:05:29.871582
Richard,Hurst,rhurst@gmail.com,$)7JQq+Y(M,2021-01-12 15:18:30.930449
Ashley,Johnson,ashleyjohnson@yahoo.com,u&9fX1ktF0,2021-08-04 00:27:42.606408
Kenneth,Sims,kennethnear9@gmail.com,#%1sSYd7in,2020-01-20 03:16:12.257888
Michael,Hughes,protectwhile86@yahoo.com,uz8_BZuQ4$,2021-03-09 14:12:36.653061
Walter,Wallace,walterman986@gmail.com,ezx2S1kP6%,2023-09-14 14:40:49.261182
Leslie,Sharp,provepick89@gmail.com,(w^m8(LkUi,2021-11-25 19:48:03.441597
Nicholas,Humphrey,nicholash65@hotmail.com,l+70J9gmO),2020-05-14 11:30:25.797448
Sarah,Young,sarahyo@hotmail.com,7J3C^C2y^H,2021-11-04 14:48:24.276316
Marc,Peters,mpeters@aol.com,)#c5UPVgpW,2020-11-05 20:28:26.136019
Jessica,Wilson,jessi@yahoo.com,^ab5VZf1Ku,2022-07-08 13:18:53.420920
Dana,Smith,dana_smith@yahoo.com,fX6Xb5Rh%2,2024-02-18 15:44:08.188046
Tammie,Phillips,receivesomething21@hotmail.com,&eI8R$Vq@9,2022-12-02 11:56:39.214185
Sabrina,Goodwin,sabrinag7@outlook.com,D_7XJJYh$H,2021-01-18 15:23:13.728676
Michelle,Montgomery,michelle_montgomery@gmail.com,Mn$+5BPq)G,2021-03-15 07:22:46.767042
Patrick,Hardin,phardinonly@outlook.com,*9NHDD@n0V,2021-04-05 16:28:18.346204
Anna,Rodriguez,annarodrigu@hotmail.com,r^DqewM9$6,2022-08-04 05:29:13.466625
George,Stanley,george@outlook.com,!1UuG0e_(h,2022-05-11 12:15:21.722450
Scott,Townsend,townsend.scott@gmail.com,+!f7Ek8^Mv,2020-01-23 17:09:25.771521
Sandra,Peterson,speterson333@aol.com,4)!9Fu!6iR,2021-09-13 08:07:28.619857
Scott,Roberts,scottreduce74@hotmail.com,D5*FHKud$u,2021-09-09 01:13:43.481584
Sierra,Paul,sierraart1@aol.com,(6Q0NXe8$2,2024-03-08 00:30:11.394295
Thomas,Hunt,thunt7@gmail.com,*6cVOkFg@s,2023-12-31 00:46:46.672717
Kenneth,Shaw,kenneth_shaw@gmail.com,P(y7ybOld9,2022-12-08 14:26:20.829030
Catherine,Stewart,catherinestewart@outlook.com,+75i8RiG73,2022-07-01 18:59:48.465274
Jacob,Ortega,jacobpay7@outlook.com,@FOZfrSa0C,2021-11-12 20:51:10.065806
William,Martin,martin.william@outlook.com,I5kmERDh+w,2021-10-04 04:04:44.657340
Sarah,Vega,sarahv32@outlook.com,EAK2TVLyi@,2021-09-05 09:53:52.593865
Angela,Thompson,angela.thompson@yahoo.com,w0Q%0Vh7)Z,2022-09-05 14:18:00.096936
Rachel,King,relationshipdebate88@yahoo.com,%@20N4vUC_,2022-09-30 07:38:05.918885
Eric,Blevins,soundmind@yahoo.com,&4HgbjNen0,2022-12-24 11:27:32.430408
Brian,Miranda,bmiranda8@yahoo.com,A8R0y)YJ(8,2020-03-29 04:41:15.939116
Mariah,Herrera,mariah_herrera@gmail.com,^x80BpNxM!,2022-06-03 14:32:04.539419
Jennifer,Lee,jlee@aol.com,2fMySyqg^P,2022-06-13 17:12:38.567684
Logan,Blake,logan_blake@gmail.com,CC23tTun$1,2020-12-28 05:06:39.644413
Eric,Baker,ericeveryone@yahoo.com,^^K8hLSiS5,2021-01-11 18:02:47.275749
Michael,Jones,jones.michael@yahoo.com,gh#N0BNeTq,2023-01-16 21:32:22.880809
Christian,Douglas,christiand2@aol.com,p*eh8wF%ez,2022-10-01 21:13:11.076126
Alexander,Braun,alexanderb93@gmail.com,_*8pT3ejXg,2023-08-04 23:20:45.388174
Ryan,Bowen,ryanb@gmail.com,*4m@+Nj)Gb,2023-02-11 13:18:02.345385
Charles,Garza,cgarza@yahoo.com,)&jWBsvHg6,2023-06-14 01:47:57.803190
Charles,Abbott,charlesabbott@outlook.com,%dRcfqR27A,2022-04-06 10:47:45.724140
Rachel,Randall,rachel_randall@outlook.com,f7IA5Qwq)M,2023-06-27 03:07:26.083815
Catherine,Craig,ccraig9@hotmail.com,Aqv_wIcv%1,2020-12-16 02:27:53.578056
Stacy,Mcdonald,stacy.mcdonald@yahoo.com,rW2UgBKZ)U,2021-07-09 15:07:34.472555
Anita,Long,along@yahoo.com,abQg15Wo%K,2020-03-18 03:02:50.613312
Rhonda,Murphy,rmurphy@gmail.com,$3OPZ1xK3a,2021-07-22 02:58:12.080962
Richard,Cross,richard@yahoo.com,a^32pXcqi),2020-04-04 23:18:23.181366
Rachel,Wheeler,rwheelerand@outlook.com,^3$8pF6u#T,2022-12-05 13:16:58.562492
Brian,Roberts,brian.roberts@gmail.com,4R9IH9ph2*,2024-01-15 19:06:45.487662
Cesar,Perkins,cesarperkins@aol.com,)blIqg!u^3,2023-11-01 11:56:07.427856
Kara,Baxter,karabaxter@hotmail.com,o0ZWygo1$3,2022-03-08 01:41:15.216964
Jeremy,Williams,williams.jeremy@aol.com,8aGFlF_#&_,2021-09-14 04:48:52.085124
Samuel,Wong,samuelwo@aol.com,#Y7KZKg2zq,2022-04-19 00:09:14.654657
Brandy,Valdez,brandyv2@gmail.com,9$4LqUmrvK,2022-07-26 01:54:15.483042
Thomas,Todd,ttodd@aol.com,2R1e#I$rb!,2021-09-13 08:34:55.706411
Kyle,Mullins,kyle_mullins@yahoo.com,*05Nto^!uG,2020-09-13 13:44:36.772477
Judy,Butler,jbutler@gmail.com,0%9XvQ66uf,2020-06-04 06:43:55.129888
Jacob,Harrison,jacob.harrison@outlook.com,)4R)3#9d4Q,2023-09-15 02:12:20.032121
Matthew,Saunders,matthew_saunders@yahoo.com,eU5OdRqXa^,2022-10-29 09:18:50.780970
Angela,Owen,owen.angela@aol.com,)BK9Jm@fvS,2022-10-30 12:12:43.938742
Kristina,Harrell,kharrellthrough@aol.com,%tR2X%OrO6,2021-11-21 20:56:36.176841
Regina,Gordon,regina.gordon@yahoo.com,Zw$KZ2Sr@#,2023-07-25 19:14:29.799034
Alex,Smith,alex_smith@outlook.com,^nZTFQ#A)7,2021-06-02 12:03:14.097560
Megan,Cisneros,megancisne@yahoo.com,C+o2SdjpKy,2021-08-27 05:15:31.131217
Scott,Guzman,scott.guzman@outlook.com,_31Lv(cD6v,2023-02-27 15:54:27.201666
Kimberly,Gilbert,fivepresident53@outlook.com,Y$%7iIijlM,2020-06-02 18:12:51.142493
Natalie,Adkins,nadkins@aol.com,@8i_)Fc7cW,2022-09-14 22:25:29.100913
Natalie,Kelly,kelly.natalie@outlook.com,C+2PmwFu&),2023-10-08 18:36:19.032813
Cindy,Warren,cindy.warren@yahoo.com,pCRD0SFa!!,2021-12-02 07:14:19.750975
Hayden,Moore,haydenuse80@outlook.com,y_#5cCf4#6,2022-11-09 10:55:35.042898
Julie,Leach,seeleader65@aol.com,F9R)se79*k,2023-01-30 12:53:44.266914
James,Wilson,jwilsonentire@aol.com,&oznYK_u66,2023-10-09 23:47:04.039196
Samuel,Stanley,challengemilitary293@outlook.com,oe$2tTRb1J,2022-11-16 18:34:50.627308
Heather,Salinas,hsalinas3@hotmail.com,*vUSs@Lsj2,2023-01-10 16:59:32.947690
Hector,Cruz,hcruzamong@aol.com,lwX9KQp^S!,2020-05-14 17:42:44.980305
Tammy,Ware,tware@yahoo.com,K4q9JBts&j,2022-07-21 15:29:14.380471
Elizabeth,Smith,elizabeths9@aol.com,j#1miRnz!#,2021-05-13 07:53:27.474088
Julie,Diaz,julie.diaz@outlook.com,a)3M_L1l#q,2022-10-20 19:13:43.827997
Victoria,Munoz,victoriaboy1@hotmail.com,06*ZGvVc_j,2022-05-08 18:00:47.946972
Alicia,Mcmillan,amcmillan3@hotmail.com,2cKsIwBT+8,2020-11-24 13:09:12.217565
Katherine,Gallagher,katherine_gallagher@outlook.com,)B1yOipsgs,2023-07-01 10:24:17.854774
Jack,Smith,jacks9@yahoo.com,&hagUU%k39,2020-04-17 07:30:20.075111
Katie,Figueroa,katief9@gmail.com,w#8Q#QvHq_,2020-07-14 19:51:54.245667
Richard,Garcia,richar@yahoo.com,PgNqUsI4(6,2020-12-23 16:00:01.804587
Jimmy,Cooper,oftenstep481@outlook.com,_SZW%FNw5q,2020-04-11 02:58:33.720970
Russell,Martin,rmartin@outlook.com,qgZ47WTb@j,2022-02-08 06:36:35.467144
Sherri,Smith,sodespite42@hotmail.com,_+$Mb%oNn0,2020-02-25 22:05:59.925785
Laura,Sanchez,lsanchez@aol.com,y#K9^Z2RPb,2024-02-28 20:59:40.578179
Derrick,Benson,derrickbetween58@aol.com,_5KBGStq82,2021-01-29 08:55:28.048435
James,Benjamin,james.benjamin@hotmail.com,(oJt^EDc10,2023-01-29 09:51:09.100627
Derek,Wilson,dwilson14@yahoo.com,(6HGKjPqWx,2022-06-27 11:33:16.741408
Justin,Miller,justinwin301@outlook.com,l3OofEVw)*,2020-05-07 10:56:09.923779
Lori,Robinson,lorir@outlook.com,1TG0DyYgv_,2022-01-29 02:02:41.086716
Debbie,Boyd,dboyd@aol.com,f2jOTB7l)h,2020-05-29 00:19:12.336403
Cindy,Smith,csmithleader@yahoo.com,S(Hwv!gU)3,2023-07-01 05:16:49.687043
Douglas,Peterson,dpeterson@aol.com,_z5M*LWE8P,2021-06-14 15:35:22.786883
Brooke,Hamilton,brookeh5@yahoo.com,%3QaXM%fjl,2020-02-09 23:59:52.723100
Linda,Henry,lindahenry@gmail.com,*U)K1WXz$N,2020-08-28 11:17:51.947466
David,Travis,davidcrime4@hotmail.com,@w4rKK)g_4,2021-04-24 22:50:21.675331
Devon,Logan,realcheck@gmail.com,(nCnp)Mj6b,2020-01-08 08:30:14.639059
Melissa,Jenkins,melissaj@aol.com,)w)XaEfi&3,2022-01-06 22:51:05.395223
Laura,Thompson,laura_thompson@yahoo.com,$W3ru5oDx%,2023-04-01 14:19:40.299134
Kyle,Nelson,kyleadult@outlook.com,159Kdpd9&*,2022-03-01 18:19:19.865967
Tommy,Gonzalez,tgonzalez@aol.com,$6XdqOm*EF,2022-05-24 20:32:15.379133
Richard,Duran,authorfive@hotmail.com,5a@D7UHah),2022-04-11 10:47:55.304868
Anna,Wheeler,annaw3@yahoo.com,iqyI26Fb*&,2020-06-14 10:52:00.134273
Brett,Day,brettd827@aol.com,j72r6NXz)m,2023-10-08 01:12:34.391289
Robert,Brewer,robertrecognize213@yahoo.com,Y(5XVmwqaC,2020-10-24 08:48:35.119354
Samuel,Pearson,samuel.pearson@gmail.com,9l8Hhg*au(,2020-09-19 19:31:35.092662
Elaine,Smith,mentiondrive3@gmail.com,zvlN2RicA(,2022-11-18 09:33:16.710913
Rebecca,York,rebeccayor@outlook.com,_0Mm$!eYPn,2020-02-28 17:45:03.252166
Tammy,Miller,miller.tammy@aol.com,*#50)Srk%i,2023-04-07 11:39:16.061871
Amanda,Manning,characterbehind68@yahoo.com,oX0boQDc_3,2021-05-30 21:39:33.153312
Jennifer,Rogers,jrogersphysical@aol.com,l*b9Mffq(j,2020-10-05 15:18:21.016823
Christopher,Joyce,christopher_joyce@yahoo.com,IRICy*m^@4,2020-06-13 06:27:20.362127
Margaret,Meyers,hardreturn398@outlook.com,^i5GSlq4xW,2022-06-14 01:31:21.367807
Jennifer,Nicholson,jennifer_nicholson@hotmail.com,*I2Ubd$F6t,2021-06-12 12:06:01.285573
Rachel,Mcdonald,soldierlike90@aol.com,_5M32!E^Ld,2021-08-04 16:33:20.831892
Jimmy,Morgan,jimmymorgan@yahoo.com,TM%Kh2Sw%q,2021-07-03 20:33:40.269187
Nicholas,Wilcox,nicholas.wilcox@outlook.com,!Kno1DuiXD,2023-11-20 16:58:32.795979
Justin,Espinoza,justinbenefit4@yahoo.com,DEzR0ImFM@,2022-07-10 14:19:46.137318
Antonio,Maxwell,antoniobehavior@gmail.com,jB%9HFeA)i,2023-07-03 09:15:49.078196
Donald,Wood,wood.donald@aol.com,n8i3LPfM$7,2024-01-04 00:41:23.903103
Nicholas,Stokes,nicholasstokes@aol.com,&YEfsbRuN1,2023-08-01 11:20:44.788803
Jessica,Salas,jsalas@outlook.com,(_$0GvdDaQ,2024-02-28 05:41:52.716757
Travis,Lawrence,travis_lawrence@hotmail.com,Xk9ceYkrn$,2020-02-23 11:11:04.879944
Christine,Lawson,clawson@yahoo.com,O#T4IRsmen,2022-08-06 22:47:00.915602
Jamie,Kane,jkane@outlook.com,q)$14O9nMJ,2020-12-30 22:01:12.613480
Christopher,Benton,christ@yahoo.com,OZAv1^Er@f,2023-05-12 09:00:09.225377
Miranda,Collins,mirandacollins@aol.com,X71UIXiS)7,2022-04-18 18:54:46.970357
Carl,Adams,carllot@aol.com,0Xt3Zo!C!+,2021-06-10 12:42:58.267421
Theresa,Carter,there@gmail.com,329UmOpq+g,2022-12-16 15:02:10.831677
Teresa,Hogan,hogan.teresa@aol.com,i%26bNSpMT,2021-02-10 03:27:15.885323
Michael,Cameron,michaelcameron@yahoo.com,ZO_5$F^wZD,2024-02-27 11:00:44.178495
Linda,Garza,lindag79@yahoo.com,$70yUUdT5V,2022-03-01 23:08:03.603894
Andrew,Patterson,formadministration954@aol.com,^W44GzuB0n,2022-06-15 14:02:53.527477
Donald,Campbell,dcampbell@aol.com,30V4qYUb(#,2023-04-02 20:25:26.011578
Robert,Jacobson,robert.jacobson@gmail.com,K73XC6)y^$,2022-11-14 06:14:44.059332
Roberto,Barnett,robertob1@gmail.com,RSQ4fFrzN_,2021-12-24 08:23:08.587405
Michelle,Jones,mjonescommon@aol.com,%9sNhahmf9,2023-10-05 20:51:12.576108
Kimberly,Duran,kduranleader@aol.com,3Ee27!ocV#,2021-11-04 19:01:10.678282
Jennifer,Hardy,jennifer.hardy@aol.com,#LR)ZGfF8S,2020-02-26 10:00:30.930689
Jessica,Baker,jbakerwe@outlook.com,FA#F5PjMDh,2020-01-18 22:19:25.801730
Michael,Henry,mhenry@aol.com,S74CJybE#X,2020-12-18 22:10:03.821896
Jacqueline,Roach,jacquelineroach@yahoo.com,__D51KxwqI,2023-07-04 01:46:47.143284
Nathan,Peterson,npetersonrecord@aol.com,m8#7D12s%0,2022-02-11 15:38:15.786633
Samantha,Floyd,samanthaparty60@aol.com,#QSenwu6&3,2023-05-01 13:29:32.245717
Kristin,Chase,kristinc38@yahoo.com,T6XhTZLR^T,2023-04-23 04:08:12.705365
Amanda,Williams,amandawilliams@hotmail.com,@!SNeb)R3B,2020-06-25 21:37:03.438738
Melissa,Blake,melissa.blake@gmail.com,r2R_edRa#6,2024-01-24 12:28:29.874130
Diane,Bailey,dianeb54@aol.com,+P3D3ue6H@,2020-12-15 15:43:53.572149
Keith,Beasley,kbeasley@aol.com,M$Uu0Ta4Fi,2023-11-24 05:03:10.730475
Karen,Mitchell,karenmitchell@aol.com,8kG7wYSn(D,2020-10-19 12:55:32.502720
Teresa,Good,good.teresa@outlook.com,&w_!wiHOz3,2020-04-21 10:41:28.803073
Brianna,Powell,briannamove2@hotmail.com,)Y^2V4Om*J,2020-07-08 20:55:23.641280
Joshua,Decker,joshuadecker@outlook.com,o74k4I_u#%,2021-02-21 11:05:27.655113
Vincent,Young,vyoung@hotmail.com,&vKe#BHM9_,2020-10-08 19:36:38.276015
Steven,Singh,ssingh@hotmail.com,Eu@2TUbMU3,2021-03-21 13:59:44.994509
Brandon,Smith,smith.brandon@outlook.com,^0Da(R*sE3,2021-05-27 11:25:45.031735
Samantha,Forbes,samanthaf1@hotmail.com,ZFc&1StXfu,2021-06-20 19:53:20.534055
James,Wu,jwu@hotmail.com,@010XsSxtn,2020-12-10 04:22:19.992743
Charles,Campos,charlescamp@gmail.com,J6VPuL)y^F,2022-09-08 19:24:53.618937
Justin,Gonzalez,jgonzalez@aol.com,%dHUeUjP$4,2020-02-21 21:41:55.660039
Roberto,Walters,budgetdiscover31@aol.com,Kve9G$if(c,2022-09-06 23:27:26.901974
Scott,Michael,smichael@hotmail.com,B^!7_LanvT,2023-09-07 03:12:02.203917
Laura,Bates,lbateslose@aol.com,BFb*0JuJ9^,2022-07-14 15:41:18.361868
Christopher,Oconnor,christopherocon@yahoo.com,F3w@r5Ur0&,2020-05-28 23:21:36.572742
Susan,Yoder,syoder634@aol.com,ljIu7D!z%),2022-10-22 17:20:57.501820
Sara,Carr,sarac753@hotmail.com,6RJoJtns_$,2021-12-05 05:24:37.712375
Mercedes,Kennedy,kennedy.mercedes@hotmail.com,(+ORRhFg+8,2022-08-01 11:01:23.822382
Joshua,Williams,jwilliamsprofessor@aol.com,H2zcLjP6(t,2023-06-08 19:25:36.443627
Wanda,Hunter,wandah@aol.com,cLAg2iVs(1,2021-06-06 05:09:14.105786
Jay,King,jking1@hotmail.com,t^N8DtQj$g,2023-08-29 10:29:47.661171
Brian,Smith,brian_smith@yahoo.com,d$w76TBuxR,2024-01-26 01:31:57.644541
Frank,Wheeler,frankwheeler@yahoo.com,(lio0SVh)i,2023-09-19 17:09:02.978816
Travis,Santana,tsantanabill@gmail.com,$4u7LHFDge,2022-10-29 15:18:10.647355
James,Jones,jjones45@outlook.com,8S%t8YZdy*,2020-11-29 02:00:53.924433
Alexis,Roy,alexisroy@gmail.com,J%5OzBbyR%,2020-02-29 23:10:41.967228
Melissa,Taylor,mtaylorskill@aol.com,!0xEc5fwS$,2023-12-25 11:12:44.145752
Hannah,Williams,hwilliams@hotmail.com,(0ABz$qf4q,2023-10-25 07:01:15.452722
Matthew,Nelson,matthew.nelson@outlook.com,$J2ofOqtqm,2024-02-08 04:27:02.827180
Eddie,Kelley,ekelley1@yahoo.com,_)36CLNrOC,2021-02-17 15:07:49.278071
Wanda,Olsen,wanda_olsen@yahoo.com,3bAwOhe1&Q,2024-01-06 17:52:13.420122
Linda,Barber,lbarberlater@gmail.com,a(9b$FuU@_,2023-03-11 09:26:35.299935
Kenneth,Yates,kenneth.yates@yahoo.com,@68Binvkc_,2020-03-14 06:21:12.822481
Angela,Krueger,angelak170@yahoo.com,fwl!5Onzrs,2020-01-28 08:34:11.161934
David,Murphy,dmurphycause@aol.com,P8t_EPdo*5,2020-05-12 05:21:21.828609
Amber,Wolf,amberw38@outlook.com,j(6Zt#gs8M,2023-05-27 17:41:02.568226
Amber,Gentry,agentry@outlook.com,&iymIfxGU9,2020-03-05 04:23:34.657760
Virginia,Dalton,vdalton@outlook.com,dBmF7tMtw*,2021-03-16 07:46:40.037300
Ryan,King,ryan_king@yahoo.com,*2UmYs16NK,2023-01-09 12:16:15.364983
Brett,Smith,bretts8@hotmail.com,^7D$&e$!ZH,2022-11-19 10:43:49.338198
Tanya,Hendrix,tanyahendrix@gmail.com,^E1m6eUggI,2023-10-20 05:15:50.788249
Amy,Alvarado,aalvaradooil@outlook.com,u3YxFO1m^E,2022-01-04 11:03:21.192425
Stephen,Miller,stephen.miller@yahoo.com,fm8waS!mO#,2021-04-18 06:07:14.271738
Kristen,Walton,walton.kristen@yahoo.com,kU0&o4Sz%w,2021-09-21 09:17:36.261603
Devin,Foster,nicebut1@aol.com,97@Kj7Ixq+,2022-12-24 23:58:26.501133
Joshua,Johnson,joshuaj175@aol.com,Q_0FWGwhyg,2023-11-01 10:46:21.354799
Tanner,Powell,tannerp@hotmail.com,_rCV!PpwU0,2023-11-23 05:32:22.630726
Nicole,Spears,spears.nicole@gmail.com,zVe3CAod(r,2020-12-27 01:47:34.036443
Debra,Kelly,dkelly8@outlook.com,m0#u^P1g)G,2023-02-09 08:21:54.657252
Rebecca,Booth,rebecca.booth@hotmail.com,%O_DBmq_%9,2020-05-20 18:33:49.005902
Janet,Higgins,jhiggins@hotmail.com,+8Q8cmcgUm,2022-08-30 15:02:00.452989
Jon,Sharp,jsharp@aol.com,X*1Tqmg6C1,2023-04-15 06:56:33.494072
Ivan,Walker,ivan.walker@gmail.com,9gD1DClP*d,2022-12-27 13:59:17.345777
Mark,Lopez,mark_lopez@gmail.com,0wJ6%JUVE),2023-02-19 05:11:27.427916
Janice,Smith,placeand91@gmail.com,!h3WD78nys,2021-09-07 17:28:35.792398
Elaine,Adkins,adkins.elaine@yahoo.com,T1g1Utc!$q,2022-02-10 11:28:22.778265
Edward,Lam,lam.edward@gmail.com,g8A#6Woczv,2022-01-02 00:16:09.092234
Lisa,Bowers,lisadifficult15@outlook.com,G%JB7RXsrB,2020-01-20 18:53:20.359493
Jenna,Smith,smith.jenna@outlook.com,sAb*Roxz_4,2021-06-26 03:54:20.866729
David,Sanchez,dsanchez@yahoo.com,^IQ0GrwnP9,2020-09-27 22:06:48.205701
Melissa,Wright,melissa@yahoo.com,1V8WO!sp_j,2023-04-02 11:29:54.777469
Kevin,Richardson,krichardson@hotmail.com,^CySuJJf+5,2023-01-06 12:27:18.729567
James,Holmes,drugnext2@gmail.com,s6GBS&lS+n,2023-10-02 01:15:31.964470
Colleen,Miller,colleenm38@outlook.com,O^(7vSFgwC,2021-09-26 17:49:25.140177
Anthony,Chang,anthonychang@outlook.com,@y+9KzyhWa,2023-08-04 22:19:32.596389
Jason,Davis,environmentalcreate8@outlook.com,*3JJG)vki!,2022-01-01 19:59:36.239100
Dakota,Lee,dleethrough@gmail.com,3K2Sru5C$E,2023-05-09 05:12:59.309421
Anita,Evans,nationalif99@hotmail.com,m&2Rv2Yb&@,2021-12-10 08:03:20.690358
Yvonne,Keller,ykellerartist@hotmail.com,3wEjtaWl#i,2022-03-11 08:28:40.055228
Evan,Jones,ejones@yahoo.com,+VhQCVqX38,2020-09-04 00:17:33.679963
